I0,I1,I2,I3,I4,I5,I6,I7,I8,I9,I10,I11,I12,I13,I14,I15,I16,I17,I18,I19,I20,I21,I22,I23,I24,I25,I26,I27,I28,I29,I30,I31,I32,I33,I34,I35,I36,I37,I38,I39
1,0.31,-0.02,3.81,2,0.68,0.01,13,3,0.39,0.03,0.64,4,0.64,-0.03,0.77,1,0.45,0,-1.62,2,0.67,0,5.49,3,0.45,0,0.86,4,0.67,0,3.58,0,-540,74.709999,-536.109985,0,-540,37.919998,-534.960022
1,0.31,-0.05,3.88,2,0.68,0.01,12.94,3,0.4,0.03,2,4,0.65,0.04,4.16,1,0.45,0,-3.28,2,0.67,0,1.08,3,0.45,0,3.66,4,0.67,0,10.97,0,-540,74.620003,-536.169983,0,-540,35.82,-535.880005
1,0.31,0.11,1.02,2,0.67,-0.14,5.58,3,0.4,0.02,4.96,4,0.65,-0.07,4.25,1,0.45,0,0,2,0.67,0,1.08,3,0.45,0,1.96,4,0.67,0,13.17,0,-540,75.419998,-535.210022,0,-540,31.940001,-536.119995
1,0.31,0.12,-0.64,2,0.66,-0.16,1.45,3,0.4,-0.23,3.45,4,0.66,0.18,10.91,1,0.45,0,0,2,0.67,0,0,3,0.45,0,0.47,4,0.67,0,13.36,0,-540,76.959999,-533.630005,0,-540,32.73,-537.349976
1,0.32,0.28,2.1,2,0.65,-0.37,0.84,3,0.39,-0.02,3.13,4,0.67,0.13,13.07,1,0.45,0,0,2,0.67,0,0,3,0.45,0,0.38,4,0.67,0,13.19,0,-540,73.120003,-532.840027,0,-540,31.98,-538.599976
1,0.33,0.24,1.96,2,0.64,-0.16,0.73,3,0.39,0.01,1.62,4,0.67,0.01,13.5,1,0.45,0,0,2,0.67,0,0,3,0.45,0,0.39,4,0.67,0,13.07,0,-540,70.029999,-532.179993,0,-540,33.860001,-538.890015
1,0.34,0.09,2.18,2,0.64,-0.05,0.67,3,0.39,0.02,1.64,4,0.67,-0.02,13.22,1,0.45,0,0,2,0.67,0,0,3,0.45,0,0.44,4,0.67,0,13.05,0,-540,67.709999,-531.76001,0,-540,33.75,-538.840027
1,0.34,-0.04,2.24,2,0.64,0.01,0.61,3,0.39,-0.02,1.66,4,0.67,0.02,13.08,1,0.45,0,0,2,0.67,0,0,3,0.45,0,0.44,4,0.67,0,13.05,0,-540,66.870003,-531.650024,0,-540,33.950001,-538.72998
1,0.34,-0.01,2.18,2,0.64,0.01,0.63,3,0.39,0.02,1.69,4,0.67,0.02,13.09,1,0.45,0,0,2,0.67,0,0,3,0.45,0,0.44,4,0.67,0,13.06,0,-540,67.07,-531.630005,0,-540,33.959999,-538.830017
1,0.34,-0.01,2.2,2,0.64,0.01,0.65,3,0.39,-0.03,1.71,4,0.67,-0.03,13.09,1,0.45,0.19,-1.44,2,0.66,-0.46,-0.72,3,0.45,0,0.44,4,0.67,0,13.07,0.47,-539.27002,67.07,-531.630005,0,-540,34.369999,-538.809998
1,0.34,0.01,2.18,2,0.64,-0.01,0.64,3,0.39,-0.01,1.72,4,0.67,-0.02,13.09,1,0.46,0.41,-1.44,2,0.66,-0.46,-0.72,3,0.45,0,0.44,4,0.67,0,13.06,0.96,-537.01001,66.870003,-531.650024,0,-540,34.369999,-538.809998
1,0.34,0.09,2.01,2,0.63,-0.09,-0.51,3,0.39,0.01,1.65,4,0.67,0.01,13.12,1,0.46,0.41,-1.44,2,0.65,-0.89,-0.7,3,0.45,0,0.45,4,0.67,0,13.06,-5.77,-536.97998,66.919998,-531.280029,0,-540,34.16,-538.820007
1,0.35,0.16,2.34,2,0.63,-0.18,-1.33,3,0.39,0.03,1.66,4,0.67,0.01,13.09,1,0.47,0.6,-1.43,2,0.62,-1.28,-0.68,3,0.45,0,0.45,4,0.67,0,13.06,-6.99,-533.01001,65.93,-530.72998,0,-540,34.060001,-538.77002
1,0.36,0.33,2.24,2,0.62,-0.37,-2.11,3,0.39,0.03,1.68,4,0.67,0.04,13.09,1,0.49,0.75,-1.42,2,0.58,-1.58,-0.64,3,0.45,0,0.45,4,0.67,0,13.07,2.67,-527.960022,63.189999,-529.330017,0,-540,33.849998,-538.789978
1,0.38,0.6,2.03,2,0.59,-0.69,-2.41,3,0.39,-0.02,1.71,4,0.67,-0.02,13.1,1,0.51,0.87,-1.38,2,0.54,-1.78,-0.6,3,0.45,0,0.44,4,0.67,0,13.06,2.94,-521.880005,57.18,-526.700012,0,-540,33.849998,-538.789978
1,0.41,0.75,1.89,2,0.56,-0.72,-1.67,3,0.39,-0.02,1.71,4,0.67,0.04,13.09,1,0.53,0.94,-1.31,2,0.49,-1.89,-0.53,3,0.45,0,0.44,4,0.67,0,13.06,3,-514.969971,48.540001,-523.299988,0,-540,33.849998,-538.789978
1,0.45,0.82,0.91,2,0.53,-0.82,-1.96,3,0.39,0.02,1.68,4,0.67,0.01,13.09,1,0.56,0.96,-1.31,2,0.45,-1.93,-0.53,3,0.45,0,0.44,4,0.67,0,13.06,3.05,-507.570007,39.360001,-518.890015,0,-540,34.060001,-538.77002
1,0.48,0.85,0.58,2,0.49,-0.88,-2.35,3,0.39,-0.01,1.73,4,0.67,0.01,13.1,1,0.58,0.95,-1.15,2,0.4,-1.89,-0.43,3,0.45,0,0.44,4,0.67,0,13.06,2.96,-499.76001,29.92,-513.840027,0,-540,34.060001,-538.77002
1,0.52,0.86,0.16,2,0.45,-0.9,-2.62,3,0.39,0.01,1.72,4,0.67,0.01,13.08,1,0.6,0.91,-0.96,2,0.4,-1.89,-0.43,3,0.45,0,0.44,4,0.67,0,13.06,2.79,-491.910004,20.559999,-508.26001,0,-540,33.959999,-538.830017
1,0.56,0.83,0.02,2,0.41,-0.94,-2.59,3,0.39,-0.01,1.71,4,0.67,0.03,13.09,1,0.6,0.91,-0.96,2,0.35,-1.79,-0.32,3,0.45,0,0.44,4,0.67,0,13.06,2.51,-484.420013,11.68,-502,0,-540,34.16,-538.820007
1,0.59,0.83,-0.17,2,0.37,-0.9,-2.57,3,0.39,-0.03,1.67,4,0.67,0.01,13.09,1,0.63,0.84,-0.4,2,0.31,-1.63,-0.04,3,0.45,0,0.44,4,0.67,0,13.06,-7.16,-484.369995,3.59,-495.640015,0,-540,34.16,-538.820007
1,0.63,0.69,0,2,0.34,-0.78,-2.4,3,0.39,0.01,1.7,4,0.67,0.03,13.08,1,0.65,0.74,-0.22,2,0.27,-1.43,0.05,3,0.45,0,0.44,4,0.67,0,13.06,2.15,-477.5,-4.77,-489.690002,0,-540,33.959999,-538.830017
1,0.66,0.64,-0.15,2,0.31,-0.61,-2.53,3,0.39,0.01,1.72,4,0.67,0.01,13.08,1,0.66,0.63,-0.07,2,0.24,-1.19,0.13,3,0.45,0,0.44,4,0.67,0,13.06,1.75,-471.579987,-12.2,-484.410004,0,-540,33.959999,-538.830017
1,0.68,0.45,-0.13,2,0.29,-0.49,-2.13,3,0.39,-0.02,1.71,4,0.67,0.04,13.07,1,0.68,0.5,0.09,2,0.21,-0.92,0.2,3,0.45,0,0.44,4,0.67,0,13.06,1.36,-466.720001,-17.959999,-480.01001,0,-540,34.16,-538.820007
1,0.7,0.35,-0.23,2,0.27,-0.31,-2.39,3,0.39,0.02,1.72,4,0.67,-0.03,13.08,1,0.69,0.35,0.23,2,0.19,-0.63,0.27,3,0.45,0,0.44,4,0.67,0,13.06,0.97,-463,-22.120001,-476.730011,0,-540,34.16,-538.820007
1,0.71,0.16,-0.26,2,0.26,-0.14,-2.62,3,0.39,0.02,1.67,4,0.67,0.02,13.06,1,0.69,0.19,0.25,2,0.18,-0.32,0.25,3,0.45,0,0.44,4,0.67,0,13.06,0.33,-460.769989,-24.209999,-474.820007,0,-540,34.16,-538.820007
1,0.71,-0.04,0.15,2,0.26,-0.04,-2.61,3,0.39,-0.01,1.69,4,0.67,-0.01,13.09,1,0.7,0.03,0.36,2,0.18,-0.32,0.25,3,0.45,0,0.44,4,0.67,0,13.06,0.03,-460,-25,-474.290009,0,-540,34.369999,-538.809998
1,0.71,-0.03,0.08,2,0.26,-0.03,-2.5,3,0.39,0.03,1.67,4,0.67,-0.03,13.08,1,0.7,-0.13,0.46,2,0.18,0.02,0.3,3,0.45,0,0.44,4,0.67,0,13.06,-0.44,-460.880005,-24.719999,-474.230011,0,-540,34.16,-538.820007
1,0.71,-0.03,0.03,2,0.26,0.02,-2.04,3,0.39,0.05,1.66,4,0.67,-0.01,13.07,1,0.7,-0.13,0.46,2,0.18,0.34,0.34,3,0.45,0,0.45,4,0.67,0,13.06,1.97,-460.880005,-24.809999,-474.299988,0,-540,33.959999,-538.830017
1,0.71,-0.02,-0.14,2,0.26,-0.01,-1.35,3,0.39,0.01,1.69,4,0.67,0.02,13.07,1,0.69,-0.29,0.46,2,0.19,0.65,0.32,3,0.45,0,0.44,4,0.67,0,13.06,3.29,-463.23999,-24.73,-474.369995,0,-540,33.959999,-538.830017
1,0.71,-0.07,-0.39,2,0.26,0.06,-0.71,3,0.39,0.01,1.69,4,0.67,0.01,13.09,1,0.68,-0.44,0.46,2,0.21,0.94,0.29,3,0.45,0,0.44,4,0.67,0,13.06,-1.29,-466.98999,-24.66,-474.869995,0,-540,33.959999,-538.830017
1,0.7,-0.06,-0.72,2,0.26,0.11,-0.9,3,0.39,0.01,1.71,4,0.67,0.02,13.06,1,0.67,-0.57,0.47,2,0.24,1.21,0.26,3,0.45,0,0.44,4,0.67,0,13.06,-1.79,-472.01001,-22.969999,-475.579987,0,-540,34.16,-538.820007
1,0.69,-0.21,-0.88,2,0.27,0.2,-0.28,3,0.39,-0.02,1.7,4,0.67,0.01,13.08,1,0.65,-0.7,0.47,2,0.27,1.45,0.22,3,0.45,0,0.44,4,0.67,0,13.06,-2.1,-478.049988,-20.940001,-476.98999,0,-540,34.369999,-538.809998
1,0.68,-0.29,-0.43,2,0.28,0.32,0.35,3,0.39,0.01,1.76,4,0.67,-0.01,13.09,1,0.63,-0.8,0.48,2,0.31,1.65,0.19,3,0.45,0,0.44,4,0.67,0,13.06,-2.45,-484.950012,-19.040001,-479.559998,0,-540,34.57,-538.789978
1,0.67,-0.45,-0.38,2,0.3,0.53,0.84,3,0.39,-0.03,1.78,4,0.67,0.03,13.06,1,0.61,-0.89,0.48,2,0.35,1.8,0.15,3,0.45,0,0.45,4,0.67,0,13.06,-1.83,-492.429993,-15.85,-482.820007,0,-540,34.880001,-538.820007
1,0.64,-0.65,-0.04,2,0.33,0.66,1.38,3,0.39,-0.01,1.75,4,0.67,0.02,13.06,1,0.59,-0.94,0.32,2,0.35,1.8,0.15,3,0.45,0,0.45,4,0.67,0,13.06,-2.9,-500.820007,-10.42,-487.540009,0,-540,34.880001,-538.820007
1,0.61,-0.82,0.19,2,0.36,0.8,1.6,3,0.39,0.02,1.69,4,0.67,-0.01,13.07,1,0.59,-0.94,0.32,2,0.4,1.9,0.03,3,0.45,0,0.45,4,0.67,0,13.06,8.91,-500.75,-2.55,-493.51001,0,-540,34.880001,-538.820007
1,0.57,-1.02,0.67,2,0.4,1.03,1.59,3,0.39,-0.01,1.71,4,0.67,0.02,13.07,1,0.57,-0.96,0.21,2,0.45,1.93,-0.04,3,0.45,0,0.45,4,0.67,0,13.06,6.19,-508.48999,7.44,-500.450012,0,-540,34.880001,-538.820007
1,0.52,-1.08,1.41,2,0.45,1.11,1.54,3,0.39,0.01,1.72,4,0.67,0.01,13.06,1,0.55,-0.96,0.05,2,0.49,1.89,-0.12,3,0.45,0,0.45,4,0.67,0,13.06,-4.52,-515.070007,18.99,-507.709991,0,-540,34.880001,-538.820007
1,0.48,-1,1.92,2,0.49,0.96,0.42,3,0.39,0.01,1.7,4,0.67,-0.03,13.07,1,0.52,-0.89,-0.16,2,0.55,1.75,-0.23,3,0.45,0,0.45,4,0.67,0,13.06,-2.84,-522.919983,31.02,-514.070007,0,-540,34.98,-538.77002
1,0.44,-0.86,1.93,2,0.53,0.91,0.44,3,0.39,-0.01,1.72,4,0.67,-0.02,13.08,1,0.5,-0.8,-0.4,2,0.59,1.54,-0.33,3,0.45,0,0.46,4,0.67,0,13.06,-2.55,-528.830017,41.599998,-519.52002,0,-540,34.779999,-538.780029
1,0.41,-0.71,2.75,2,0.57,0.7,0.95,3,0.39,0.02,1.68,4,0.67,0.01,13.08,1,0.48,-0.66,-0.44,2,0.62,1.25,-0.29,3,0.45,0,0.46,4,0.67,0,13.07,-1.69,-533.450012,50.59,-523.659973,0,-540,34.57,-538.789978
1,0.38,-0.57,2.57,2,0.59,0.53,1.24,3,0.39,0.02,1.72,4,0.67,0.01,13.09,1,0.46,-0.48,-0.71,2,0.65,0.85,-0.41,3,0.45,0,0.45,4,0.67,0,13.06,-1.5,-537.27002,57.889999,-526.679993,0,-540,34.16,-538.820007
1,0.36,-0.38,2.44,2,0.61,0.38,1.45,3,0.39,0.03,1.7,4,0.67,0.02,13.08,1,0.45,-0.27,-1.25,2,0.65,0.85,-0.41,3,0.45,0,0.45,4,0.67,0,13.06,-0.8,-539.390015,63.639999,-528.799988,0,-540,34.16,-538.820007
1,0.34,-0.29,2.12,2,0.63,0.28,1.19,3,0.39,0.02,1.71,4,0.67,-0.01,13.09,1,0.45,-0.27,-1.25,2,0.66,0.42,-0.66,3,0.45,0,0.44,4,0.67,0,13.06,1.23,-539.380005,67.809998,-530.130005,0,-540,34.16,-538.820007
1,0.34,-0.04,1.78,2,0.63,0.03,0.87,3,0.39,0.02,1.67,4,0.67,-0.01,13.11,1,0.45,-0.03,-1.37,2,0.67,0,0,3,0.45,0,0.44,4,0.67,0,13.06,0,-540,69.300003,-530.559998,0,-540,34.16,-538.820007
1,0.34,0.05,1.82,2,0.63,-0.05,0.78,3,0.39,-0.02,1.69,4,0.67,0.01,13.09,1,0.45,0,0,2,0.67,0,0,3,0.45,0,0.44,4,0.67,0,13.06,0,-540,68.989998,-530.549988,0,-540,34.369999,-538.809998
1,0.34,0.03,2.16,2,0.63,-0.02,0.78,3,0.39,-0.02,1.79,4,0.67,0.01,13.07,1,0.45,0,0,2,0.67,0,0,3,0.45,0,0.45,4,0.67,0,13.06,0,-540,68.470001,-530.460022,0,-540,34.57,-538.789978
1,0.34,0.01,2.18,2,0.63,-0.02,0.77,3,0.39,0.02,1.71,4,0.67,0.02,13.08,1,0.45,0,0,2,0.67,0,0,3,0.45,0,0.45,4,0.67,0,13.06,0,-540,68.160004,-530.450012,0,-540,34.68,-538.840027
1,0.34,0.01,2.15,2,0.63,-0.02,0.79,3,0.39,0.03,1.71,4,0.67,0.02,13.07,1,0.45,0,0,2,0.67,0,0,3,0.45,0,0.45,4,0.67,0,13.06,0,-540,68.160004,-530.450012,0,-540,34.470001,-538.849976
1,0.34,0.01,2.18,2,0.63,0.02,0.78,3,0.39,0.02,1.73,4,0.67,-0.03,13.09,1,0.45,0,0,2,0.67,0,0,3,0.45,0,0.45,4,0.67,0,13.06,0,-540,68.160004,-530.450012,0,-540,34.779999,-538.780029
1,0.34,0.02,2.17,2,0.63,-0.01,0.79,3,0.39,0.01,1.73,4,0.67,0.03,13.06,1,0.45,0,0,2,0.67,0,0,3,0.45,0,0.45,4,0.67,0,13.06,0,-540,68.160004,-530.450012,0,-540,34.68,-538.840027
1,0.34,-0.01,2.18,2,0.63,-0.01,0.77,3,0.39,0.01,1.74,4,0.67,-0.01,13.07,1,0.45,0,0,2,0.67,0,0,3,0.45,0,0.45,4,0.67,0,13.06,0,-540,68.160004,-530.450012,0,-540,34.68,-538.840027
1,0.34,-0.03,2.17,2,0.63,0.03,0.77,3,0.39,0.02,1.71,4,0.67,0.02,13.06,1,0.45,0,0,2,0.67,0,0,3,0.45,0,0.45,4,0.67,0,13.06,0,-540,68.160004,-530.450012,0,-540,34.68,-538.840027
1,0.34,0.02,2.17,2,0.63,-0.01,0.8,3,0.39,-0.01,1.74,4,0.67,0.02,13.08,1,0.45,0,0,2,0.67,0,13.78,3,0.45,0.08,-0.75,4,0.67,-0.27,-0.37,0,-540,68.160004,-530.450012,0.36,-539.73999,34.68,-538.840027
1,0.33,-0.82,3.82,2,0.67,0.95,11.92,3,0.39,0.01,1.73,4,0.67,0.09,12.78,1,0.45,0,0.91,2,0.67,0,13.8,3,0.46,0.31,-0.75,4,0.65,-0.72,-0.36,0,-540,67.349998,-535.47998,1.12,-538.099976,34.27,-538.960022
1,0.32,0.03,3.48,2,0.68,0.14,13.43,3,0.39,0.05,1.11,4,0.65,-0.27,0.1,1,0.45,0,0.91,2,0.67,0,13.8,3,0.47,0.51,-0.73,4,0.63,-1.12,-0.33,0,-540,69.010002,-537.070007,1.8,-535,40.330002,-535.76001
1,0.32,0.07,3.42,2,0.68,-0.15,13.88,3,0.39,0.14,1.53,4,0.64,-0.24,-0.6,1,0.45,0,0.83,2,0.67,0,13.09,3,0.48,0.69,-0.86,4,0.63,-1.12,-0.33,0,-540,69.199997,-536.950012,-6.28,-534.960022,39.099998,-534.359985
1,0.32,0.02,3.53,2,0.67,-0.14,13.78,3,0.4,0.27,1.44,4,0.62,-0.39,-1.21,1,0.45,0,0.9,2,0.67,0,13.14,3,0.48,0.69,-0.86,4,0.6,-1.45,-0.38,0,-540,68.800003,-536.25,-7.6,-530.5,38.73,-532.099976
1,0.32,0.03,3.36,2,0.67,-0.03,13.03,3,0.42,0.43,1.44,4,0.6,-0.61,-1.55,1,0.45,0,0.92,2,0.67,0,13.14,3,0.5,0.82,-0.82,4,0.56,-1.69,-0.34,0,-540,68.949997,-535.830017,2.66,-525.02002,35.560001,-528.97998
1,0.32,-0.01,3.49,2,0.67,0.04,13,3,0.44,0.43,1.88,4,0.57,-0.66,-0.72,1,0.45,0,0.92,2,0.67,0,13.23,3,0.52,0.91,-0.81,4,0.52,-1.84,-0.31,0,-540,68.870003,-535.98999,1.92,-518.539978,32.279999,-525.049988
1,0.32,0.03,3.44,2,0.67,-0.05,13.26,3,0.46,0.62,1.42,4,0.54,-0.73,-1.03,1,0.45,0,0.9,2,0.67,0,13.26,3,0.55,0.96,-0.73,4,0.47,-1.92,-0.25,0,-540,68.660004,-536.02002,2.01,-511.309998,28.629999,-520.679993
1,0.32,0.01,3.42,2,0.67,-0.02,13.27,3,0.49,0.51,1.02,4,0.5,-0.86,-1.22,1,0.45,0,0.9,2,0.67,0,13.24,3,0.57,0.96,-0.81,4,0.42,-1.92,-0.29,0,-540,68.339996,-535.909973,3.02,-503.079987,25.76,-515.179993
1,0.32,-0.04,3.46,2,0.67,0.02,13.17,3,0.51,0.61,1.02,4,0.46,-0.99,-1.45,1,0.45,0,0.9,2,0.67,0,13.24,3,0.59,0.93,-0.75,4,0.37,-1.84,-0.24,0,-540,68.339996,-535.909973,2.85,-495.350006,22.709999,-508.649994
1,0.32,-0.04,3.5,2,0.67,-0.01,13.18,3,0.54,0.63,0.96,4,0.41,-1.04,-1.6,1,0.45,0,0.89,2,0.67,0,13.25,3,0.62,0.87,-0.44,4,0.33,-1.71,-0.08,0,-540,68.540001,-535.880005,2.56,-487.679993,20.66,-501.209991
1,0.32,-0.02,3.47,2,0.67,-0.02,13.2,3,0.56,0.57,0.67,4,0.36,-1.07,-1.35,1,0.45,0,0.89,2,0.67,0,13.25,3,0.64,0.79,-0.4,4,0.33,-1.71,-0.08,0,-540,68.860001,-535.890015,-7.58,-487.619995,19.4,-493.589996
1,0.32,-0.02,3.47,2,0.67,-0.01,13.19,3,0.59,0.62,0.74,4,0.32,-0.98,-1.23,1,0.45,0,0.89,2,0.67,0,13.25,3,0.64,0.79,-0.4,4,0.29,-1.53,-0.06,0,-540,68.760002,-535.960022,-6.45,-480.459991,17.059999,-485.880005
1,0.32,0.01,3.44,2,0.67,0.02,13.18,3,0.62,0.46,1.03,4,0.28,-0.86,-0.99,1,0.45,0,0.9,2,0.67,0,13.25,3,0.66,0.68,-0.37,4,0.25,-1.3,-0.05,0,-540,68.760002,-535.960022,1.98,-474.100006,14.7,-478.679993
1,0.32,0.01,3.46,2,0.67,-0.05,13.21,3,0.64,0.41,0.87,4,0.25,-0.54,-0.75,1,0.45,0,0.9,2,0.67,0,13.25,3,0.67,0.56,-0.32,4,0.22,-1.05,-0.04,0,-540,68.550003,-535.97998,1.56,-468.720001,12.28,-473.25
1,0.32,-0.01,3.44,2,0.67,-0.03,13.22,3,0.65,0.28,0.83,4,0.23,-0.36,-0.87,1,0.45,0,0.9,2,0.67,0,13.25,3,0.68,0.41,-0.27,4,0.2,-0.76,-0.03,0,-540,68.650002,-535.919983,0.76,-464.48999,10.12,-469.690002
1,0.32,-0.03,3.45,2,0.67,-0.01,13.17,3,0.66,0.21,0.68,4,0.22,-0.21,-1.12,1,0.45,0,0.9,2,0.67,0,13.24,3,0.69,0.26,-0.31,4,0.18,-0.44,-0.09,0,-540,68.650002,-535.919983,0.68,-461.459991,8.82,-467.279999
1,0.32,-0.01,3.45,2,0.67,0.01,13.16,3,0.67,0.14,0.78,4,0.21,-0.11,-1.33,1,0.45,0,0.9,2,0.67,0,13.25,3,0.7,0.1,-0.24,4,0.18,-0.13,-0.06,0,-540,68.650002,-535.919983,0.23,-460.119995,6.67,-466.170013
1,0.32,-0.02,3.44,2,0.67,0.02,13.18,3,0.67,0.05,0.75,4,0.21,-0.05,-1.32,1,0.45,0,0.9,2,0.67,0,13.25,3,0.7,-0.05,-0.12,4,0.18,0.19,-0.02,0,-540,68.650002,-535.919983,-0.21,-460.26001,6.66,-465.450012
1,0.32,-0.01,3.49,2,0.67,-0.01,13.22,3,0.67,-0.03,0.78,4,0.2,0.01,-1.08,1,0.45,0,0.9,2,0.67,0,13.25,3,0.69,-0.22,-0.12,4,0.18,0.19,-0.02,0,-540,68.760002,-535.960022,1.49,-460.26001,6.74,-465.230011
1,0.32,-0.02,3.48,2,0.67,0.01,13.19,3,0.67,0.02,0.69,4,0.2,0.02,-0.52,1,0.45,0,0.9,2,0.67,0,13.24,3,0.69,-0.22,-0.12,4,0.19,0.5,-0.03,0,-540,68.760002,-535.960022,2.95,-461.869995,6.74,-465.369995
1,0.32,-0.02,3.47,2,0.67,-0.02,13.18,3,0.67,-0.05,0.39,4,0.21,0.11,-0.04,1,0.45,0,0.9,2,0.67,0,13.25,3,0.69,-0.37,-0.13,4,0.2,0.82,-0.06,0,-540,68.650002,-535.919983,-1.12,-465.230011,7.37,-465.730011
1,0.32,-0.02,3.45,2,0.67,-0.04,13.22,3,0.66,-0.15,0.15,4,0.21,0.13,-0.15,1,0.45,0,0.9,2,0.67,0,13.25,3,0.67,-0.51,-0.13,4,0.23,1.1,-0.1,0,-540,68.650002,-535.919983,-1.54,-469.660004,7.83,-466.51001
1,0.32,-0.01,3.46,2,0.67,-0.01,13.21,3,0.66,-0.23,0.01,4,0.22,0.27,0.41,1,0.45,0,0.9,2,0.67,0,13.25,3,0.66,-0.64,-0.14,4,0.26,1.35,-0.14,0,-540,68.449997,-535.950012,-1.92,-475.230011,8.04,-468.369995
1,0.32,-0.01,3.47,2,0.67,-0.03,13.21,3,0.65,-0.26,0.33,4,0.23,0.39,0.8,1,0.45,0,0.9,2,0.67,0,13.25,3,0.64,-0.76,-0.11,4,0.29,1.56,-0.15,0,-540,68.449997,-535.950012,-2.29,-481.779999,11.12,-470.160004
1,0.32,-0.02,3.51,2,0.67,0.01,13.19,3,0.63,-0.4,0.29,4,0.25,0.66,0.99,1,0.45,0,0.89,2,0.67,0,13.25,3,0.62,-0.85,-0.11,4,0.33,1.74,-0.2,0,-540,68.760002,-535.960022,-2.63,-489.040009,12.94,-474.559998
1,0.32,-0.02,3.45,2,0.67,-0.01,13.21,3,0.61,-0.52,0.48,4,0.29,0.97,0.88,1,0.45,0,0.89,2,0.67,0,13.25,3,0.6,-0.92,-0.26,4,0.38,1.86,-0.29,0,-540,68.760002,-535.960022,-1.9,-496.730011,12.85,-481.410004
1,0.32,-0.01,3.45,2,0.67,0.01,13.18,3,0.59,-0.56,0.54,4,0.34,1.23,0.61,1,0.45,0,0.9,2,0.67,0,13.25,3,0.58,-0.96,-0.26,4,0.38,1.86,-0.29,0,-540,68.760002,-535.960022,9.62,-496.640015,14.21,-489.970001
1,0.32,0.01,3.45,2,0.67,-0.01,13.19,3,0.56,-0.7,0.51,4,0.4,1.28,0.42,1,0.45,0,0.9,2,0.67,0,13.25,3,0.58,-0.96,-0.26,4,0.43,1.92,-0.3,0,-540,68.760002,-535.960022,8.91,-505.019989,15.71,-499.179993
1,0.32,-0.03,3.47,2,0.67,-0.02,13.21,3,0.53,-0.71,0.67,4,0.45,1.29,0.28,1,0.45,0,0.9,2,0.67,0,13.25,3,0.55,-0.96,-0.29,4,0.48,1.91,-0.3,0,-540,68.650002,-535.919983,-3.01,-512.570007,17.35,-508.200012
1,0.32,0.01,3.46,2,0.67,-0.01,13.19,3,0.5,-0.71,0.9,4,0.5,1.23,0.31,1,0.45,0,0.9,2,0.67,0,13.25,3,0.53,-0.93,-0.33,4,0.52,1.82,-0.3,0,-540,68.449997,-535.950012,-2.92,-519.690002,19.51,-516.390015
1,0.32,-0.02,3.47,2,0.67,-0.01,13.2,3,0.47,-0.6,0.93,4,0.55,0.81,-0.29,1,0.45,0,0.9,2,0.67,0,13.25,3,0.51,-0.85,-0.36,4,0.57,1.65,-0.29,0,-540,68.650002,-535.919983,-2.71,-526.059998,23.940001,-522.719971
1,0.32,-0.02,3.46,2,0.67,0.01,13.2,3,0.44,-0.52,1.63,4,0.58,0.54,0.24,1,0.45,0,0.89,2,0.67,0,13.25,3,0.49,-0.73,-0.18,4,0.61,1.4,-0.14,0,-540,68.650002,-535.919983,-2.32,-531.400024,27.860001,-526.890015
1,0.32,-0.01,3.46,2,0.67,0.02,13.23,3,0.42,-0.38,1.43,4,0.6,0.58,0.53,1,0.45,0,0.9,2,0.67,0,13.25,3,0.47,-0.56,-0.35,4,0.64,1.06,-0.22,0,-540,68.650002,-535.919983,-1.17,-535.559998,32.490002,-530.080017
1,0.32,0.02,3.42,2,0.67,0.02,13.23,3,0.41,-0.31,1.58,4,0.63,0.55,0.79,1,0.45,0,0.9,2,0.67,0,13.25,3,0.46,-0.37,-0.7,4,0.66,0.63,-0.39,0,-540,68.650002,-535.919983,-1.12,-538.590027,35.84,-533.090027
1,0.32,0.01,3.43,2,0.67,-0.03,13.16,3,0.4,-0.02,0.94,4,0.64,0.1,1.49,1,0.45,0,0.9,2,0.67,0,13.25,3,0.45,-0.14,-0.77,4,0.66,0.63,-0.39,0,-540,68.650002,-535.919983,-0.38,-539.900024,36.09,-535.299988
1,0.32,-0.02,3.48,2,0.67,0.01,13.21,3,0.4,0.01,0.57,4,0.64,-0.01,1.06,1,0.45,0,0.9,2,0.67,0,12.09,3,0.45,0,0.99,4,0.67,0.17,-0.41,0,-540,68.660004,-536.02002,0.22,-539.900024,36.290001,-535.179993
1,0.32,-0.01,3.46,2,0.67,-0.03,13.21,3,0.4,0.02,0.66,4,0.64,0.01,0.69,1,0.45,0,-1.33,2,0.67,0,5.99,3,0.45,0,0.99,4,0.67,0,4.46,0,-540,68.760002,-535.960022,0,-540,36.380001,-535.02002
1,0.32,-0.06,3.52,2,0.67,0.05,11.94,3,0.4,0.02,2.05,4,0.65,0.04,4.98,1,0.45,0,-3.42,2,0.67,0,5.99,3,0.45,0,3.04,4,0.67,0,9.96,0,-540,68.860001,-535.890015,0,-540,33.990002,-536.099976
1,0.32,0.06,1.12,2,0.67,-0.03,6.13,3,0.4,-0.04,4.28,4,0.65,-0.01,4.97,1,0.45,0,-3.42,2,0.67,0,1.41,3,0.45,0,2.98,4,0.67,0,12.73,0,-540,69.400002,-535.320007,0,-540,31.129999,-536.369995
1,0.32,0.09,-1.02,2,0.66,-0.09,1.71,3,0.4,-0.11,4.15,4,0.65,0.06,10.17,1,0.45,0,-0.88,2,0.67,0,0.07,3,0.45,0,0.45,4,0.67,0,13.33,0,-540,71.300003,-533.960022,0,-540,30.360001,-537.22998
1,0.33,0.15,1.2,2,0.65,-0.24,0.84,3,0.4,-0.05,4.07,4,0.66,0.15,12.63,1,0.45,0,0,2,0.67,0,0,3,0.45,0,0.39,4,0.67,0,13.21,0,-540,68.730003,-533.27002,0,-540,30.209999,-538.150024
1,0.34,0.21,1.85,2,0.64,-0.12,0.68,3,0.39,-0.01,1.52,4,0.67,0.13,13.34,1,0.45,0,0,2,0.67,0,0,3,0.45,0,0.37,4,0.67,0,13.12,0,-540,66.089996,-532.059998,0,-540,31.780001,-538.710022
1,0.35,0.05,2.02,2,0.64,-0.02,0.65,3,0.39,0.02,1.47,4,0.67,0.03,13.28,1,0.45,0,0,2,0.67,0,0,3,0.45,0,0.41,4,0.67,0,13.07,0,-540,64.019997,-531.900024,0,-540,32.41,-538.780029
1,0.35,0.01,2.06,2,0.64,-0.02,0.67,3,0.39,0.01,1.57,4,0.67,0.01,13.13,1,0.45,0,0,2,0.67,0,0,3,0.45,0,0.42,4,0.67,0,13.07,0,-540,63.799999,-531.820007,0,-540,32.509998,-538.719971
1,0.35,-0.02,2.05,2,0.64,-0.02,0.65,3,0.39,-0.02,1.61,4,0.67,0.01,13.12,1,0.45,0,0,2,0.67,-0.08,-0.7,3,0.45,0,0.42,4,0.67,0,13.06,0.05,-539.97998,63.799999,-531.820007,0,-540,32.509998,-538.719971
1,0.35,0.02,2.04,2,0.64,-0.05,0.68,3,0.39,0.01,1.61,4,0.67,0.03,13.09,1,0.45,0.22,-1.38,2,0.67,-0.08,-0.7,3,0.45,0,0.42,4,0.67,0,13.07,0.81,-538.950012,63.799999,-531.820007,0,-540,32.610001,-538.76001
1,0.35,-0.01,2.06,2,0.64,-0.03,0.18,3,0.39,-0.03,1.61,4,0.67,0.01,13.1,1,0.45,0.22,-1.38,2,0.66,-0.54,-0.68,3,0.45,0,0.42,4,0.67,0,13.07,1.52,-536.440002,63.59,-531.75,0,-540,32.610001,-538.76001
1,0.35,0.03,2.03,2,0.63,-0.06,-0.64,3,0.39,-0.01,1.6,4,0.67,0.01,13.1,1,0.46,0.43,-1.37,2,0.64,-0.96,-0.67,3,0.45,0,0.42,4,0.67,0,13.07,-1.1,-536.440002,63.360001,-531.559998,0,-540,32.610001,-538.76001
1,0.35,0.16,2.26,2,0.63,-0.19,-1.52,3,0.39,0.01,1.6,4,0.67,-0.02,13.12,1,0.47,0.51,-1.36,2,0.61,-1.32,-0.64,3,0.45,0,0.42,4,0.67,0,13.07,6.6,-532.469971,62.66,-530.919983,0,-540,32.509998,-538.719971
1,0.36,0.3,1.89,2,0.62,-0.36,-2.19,3,0.39,-0.01,1.58,4,0.67,-0.01,13.11,1,0.49,0.77,-1.34,2,0.58,-1.6,-0.61,3,0.45,0,0.43,4,0.67,0,13.07,2.64,-527.369995,59.950001,-529.599976,0,-540,32.400002,-538.679993
1,0.38,0.48,2.38,2,0.6,-0.48,-1.57,3,0.39,0.02,1.63,4,0.67,-0.01,13.12,1,0.51,0.88,-1.31,2,0.53,-1.8,-0.56,3,0.45,0,0.42,4,0.67,0,13.07,2.84,-520.75,54.220001,-527.549988,0,-540,32.400002,-538.679993
1,0.41,0.72,2.16,2,0.57,-0.72,-1.85,3,0.39,0.02,1.6,4,0.67,-0.02,13.1,1,0.54,0.94,-1.24,2,0.49,-1.9,-0.49,3,0.45,0,0.42,4,0.67,0,13.07,2.99,-513.809998,46.720001,-524.289978,0,-540,32.400002,-538.679993
1,0.45,0.81,1.11,2,0.54,-0.83,-2.23,3,0.39,-0.01,1.6,4,0.67,0.01,13.13,1,0.56,0.96,-1.24,2,0.44,-1.93,-0.48,3,0.45,0,0.42,4,0.67,0,13.07,3.03,-506.220001,37.66,-520.049988,0,-540,32.610001,-538.659973
1,0.48,0.89,0.66,2,0.5,-0.95,-2.54,3,0.39,-0.01,1.6,4,0.67,0.01,13.1,1,0.58,0.95,-1.1,2,0.44,-1.93,-0.48,3,0.45,0,0.42,4,0.67,0,13.07,2.93,-498.48999,27.91,-514.719971,0,-540,32.610001,-538.659973
1,0.52,0.91,0.14,2,0.45,-1.02,-2.64,3,0.39,-0.01,1.62,4,0.67,-0.03,13.12,1,0.61,0.9,-0.55,2,0.39,-1.88,-0.4,3,0.45,0,0.42,4,0.67,0,13.08,2.68,-490.829987,18.139999,-508.529999,0,-540,32.709999,-538.710022
1,0.56,0.87,-0.04,2,0.41,-1,-2.47,3,0.39,0.03,1.6,4,0.67,0.03,13.11,1,0.61,0.9,-0.55,2,0.35,-1.77,-0.12,3,0.45,0,0.42,4,0.67,0,13.08,-8.69,-490.76001,9.37,-501.679993,0,-540,32.509998,-538.719971
1,0.6,0.85,0.02,2,0.37,-0.88,-2.5,3,0.39,0.01,1.61,4,0.67,0.01,13.12,1,0.63,0.82,-0.35,2,0.3,-1.61,-0.01,3,0.45,0,0.43,4,0.67,0,13.07,-7.62,-483.429993,0.09,-494.940002,0,-540,32.509998,-538.719971
1,0.64,0.8,-0.1,2,0.33,-0.74,-2.47,3,0.39,0.03,1.62,4,0.67,-0.02,13.12,1,0.65,0.72,-0.18,2,0.27,-1.4,0.08,3,0.45,0,0.42,4,0.67,0,13.07,1.4,-476.75,-8.4,-488.779999,0,-540,32.509998,-538.719971
1,0.67,0.6,-0.22,2,0.31,-0.61,-1.68,3,0.39,0.02,1.6,4,0.67,-0.01,13.1,1,0.67,0.6,0,2,0.23,-1.15,0.16,3,0.45,0,0.42,4,0.67,0,13.07,1.13,-470.790009,-15.69,-483.640015,0,-540,32.509998,-538.719971
1,0.69,0.43,-0.31,2,0.28,-0.43,-2.21,3,0.39,-0.01,1.6,4,0.67,0.02,13.11,1,0.68,0.46,0.16,2,0.21,-0.85,0.24,3,0.45,0,0.42,4,0.67,0,13.07,1.3,-465.679993,-20.959999,-479.549988,0,-540,32.709999,-538.710022
1,0.7,0.22,-0.44,2,0.27,-0.26,-2.55,3,0.39,0.02,1.62,4,0.67,-0.01,13.12,1,0.69,0.32,0.19,2,0.19,-0.56,0.22,3,0.45,0,0.42,4,0.67,0,13.07,0.86,-462.359985,-24.219999,-476.839996,0,-540,32.709999,-538.710022
1,0.71,0.11,-0.15,2,0.26,-0.15,-2.55,3,0.39,-0.01,1.61,4,0.67,0.02,13.11,1,0.7,0.16,0.32,2,0.18,-0.25,0.29,3,0.45,0,0.43,4,0.67,0,13.07,0.4,-460.459991,-25.870001,-475.290009,0,-540,32.610001,-538.76001
1,0.71,-0.01,0.05,2,0.26,-0.04,-2.75,3,0.39,0.01,1.61,4,0.67,0.01,13.13,1,0.7,0.01,0.48,2,0.18,-0.25,0.29,3,0.45,0,0.43,4,0.67,0,13.07,-0.04,-460.029999,-25.65,-474.73999,0,-540,32.610001,-538.76001
1,0.71,0.02,0.11,2,0.26,-0.01,-2.48,3,0.39,0.01,1.62,4,0.67,0.01,13.12,1,0.7,0.01,0.48,2,0.18,0.07,0.36,3,0.45,0,0.42,4,0.67,0,13.07,0.79,-460.029999,-25.75,-474.809998,0,-540,32.610001,-538.76001
1,0.71,-0.01,0.09,2,0.26,-0.01,-2.04,3,0.39,0.02,1.62,4,0.67,-0.01,13.1,1,0.7,-0.15,0.47,2,0.18,0.38,0.35,3,0.45,0,0.42,4,0.67,0,13.07,2.43,-461.100006,-25.57,-474.820007,0,-540,32.509998,-538.719971
1,0.71,-0.03,-0.2,2,0.26,0.02,-1.38,3,0.39,-0.01,1.61,4,0.67,0.02,13.11,1,0.69,-0.32,0.48,2,0.2,0.69,0.33,3,0.45,0,0.43,4,0.67,0,13.07,-0.62,-463.630005,-25.49,-475.029999,0,-540,32.509998,-538.719971
1,0.71,-0.05,-0.49,2,0.26,0.01,-1.44,3,0.39,0.02,1.6,4,0.67,0.03,13.1,1,0.68,-0.47,0.48,2,0.22,0.98,0.3,3,0.45,0,0.42,4,0.67,0,13.07,-0.91,-467.549988,-25.129999,-475.190002,0,-540,32.509998,-538.719971
1,0.7,-0.1,-0.81,2,0.26,0.1,-0.78,3,0.39,-0.01,1.59,4,0.67,0.03,13.09,1,0.67,-0.6,0.48,2,0.25,1.26,0.26,3,0.45,0,0.42,4,0.67,0,13.07,-1.83,-473.149994,-23.719999,-475.959991,0,-540,32.709999,-538.710022
1,0.7,-0.16,-0.6,2,0.27,0.2,-0.11,3,0.39,0.02,1.58,4,0.67,0.01,13.11,1,0.65,-0.72,0.5,2,0.28,1.49,0.23,3,0.45,0,0.42,4,0.67,0,13.07,-2.19,-479.339996,-22.41,-477.209991,0,-540,32.610001,-538.76001
1,0.69,-0.3,-0.58,2,0.28,0.29,0.66,3,0.39,0.01,1.63,4,0.67,0.02,13.09,1,0.63,-0.82,0.49,2,0.32,1.68,0.19,3,0.45,0,0.43,4,0.67,0,13.07,-2.48,-486.410004,-20.690001,-479.630005,0,-540,32.82,-538.75
1,0.67,-0.54,-0.39,2,0.3,0.49,1.08,3,0.39,-0.01,1.65,4,0.67,0.02,13.09,1,0.61,-0.9,0.5,2,0.32,1.68,0.19,3,0.45,0,0.42,4,0.67,0,13.07,-2.8,-494.040009,-17.24,-483.109985,0,-540,32.610001,-538.76001
1,0.64,-0.66,-0.23,2,0.33,0.74,1.3,3,0.39,0.01,1.6,4,0.67,0.03,13.11,1,0.61,-0.9,0.5,2,0.36,1.82,0.16,3,0.45,0,0.43,4,0.67,0,13.07,8.52,-493.980011,-11.18,-488.059998,0,-540,32.720001,-538.809998
1,0.61,-0.93,0.29,2,0.37,0.89,1.75,3,0.39,0.02,1.58,4,0.67,-0.01,13.12,1,0.59,-0.95,0.34,2,0.41,1.91,0.04,3,0.45,0,0.42,4,0.67,0,13.06,8.88,-501.709991,-2.93,-494.420013,0,-540,32.610001,-538.76001
1,0.56,-1.1,0.87,2,0.41,1.03,1.64,3,0.39,-0.03,1.61,4,0.67,0.02,13.11,1,0.56,-0.96,0.23,2,0.46,1.93,-0.03,3,0.45,0,0.43,4,0.67,0,13.07,-3.04,-509.420013,7.84,-501.700012,0,-540,32.82,-538.75
1,0.52,-1.03,1.4,2,0.45,1.04,0.29,3,0.39,0.02,1.6,4,0.67,-0.01,13.09,1,0.54,-0.94,0.06,2,0.5,1.87,-0.12,3,0.45,0,0.43,4,0.67,0,13.07,-1.97,-516.76001,19.889999,-508.470001,0,-540,32.610001,-538.76001
1,0.48,-0.93,1.62,2,0.5,1,0.44,3,0.39,0.02,1.59,4,0.67,-0.01,13.1,1,0.51,-0.88,-0.16,2,0.55,1.73,-0.22,3,0.45,0,0.42,4,0.67,0,13.07,-1.86,-523.47998,30.77,-514.849976,0,-540,32.610001,-538.76001
1,0.44,-0.8,2.55,2,0.54,0.81,0.87,3,0.39,0.03,1.59,4,0.67,-0.01,13.1,1,0.49,-0.78,-0.18,2,0.59,1.51,-0.18,3,0.45,0,0.42,4,0.67,0,13.07,-1.69,-529.359985,40.639999,-519.929993,0,-540,32.610001,-538.76001
1,0.41,-0.66,2.46,2,0.57,0.68,1.06,3,0.39,0.01,1.59,4,0.67,-0.02,13.12,1,0.48,-0.63,-0.45,2,0.63,1.18,-0.3,3,0.45,0,0.42,4,0.67,0,13.07,-2.04,-534.390015,49.189999,-523.789978,0,-540,32.709999,-538.710022
1,0.38,-0.55,2.64,2,0.59,0.53,1.52,3,0.39,0.02,1.61,4,0.67,0.03,13.11,1,0.46,-0.45,-0.7,2,0.63,1.18,-0.3,3,0.45,0,0.42,4,0.67,0,13.07,-1.43,-537.719971,55.970001,-526.830017,0,-540,32.509998,-538.719971
1,0.36,-0.39,2.37,2,0.61,0.38,1.49,3,0.39,0.02,1.61,4,0.67,0.02,13.11,1,0.46,-0.45,-0.7,2,0.65,0.79,-0.41,3,0.45,0,0.43,4,0.67,0,13.07,3.11,-537.710022,61.919998,-528.950012,0,-540,32.509998,-538.719971
1,0.35,-0.33,1.45,2,0.63,0.26,1.26,3,0.39,-0.01,1.61,4,0.67,-0.03,13.1,1,0.45,-0.23,-1.21,2,0.67,0.35,-0.64,3,0.45,0,0.42,4,0.67,0,13.07,0.88,-539.570007,65.989998,-530.359985,0,-540,32.709999,-538.710022
1,0.34,-0.05,1.82,2,0.63,0.04,0.84,3,0.39,-0.01,1.59,4,0.67,-0.02,13.1,1,0.45,0,0,2,0.67,0,0,3,0.45,0,0.42,4,0.67,0,13.07,0,-540,67.790001,-530.809998,0,-540,32.610001,-538.76001
1,0.34,0.01,2.13,2,0.63,-0.04,0.75,3,0.39,0.01,1.62,4,0.67,0.01,13.11,1,0.45,0,0,2,0.67,0,0,3,0.45,0,0.42,4,0.67,0,13.07,0,-540,67.790001,-530.809998,0,-540,32.610001,-538.76001
1,0.34,0.01,2.12,2,0.63,-0.03,0.78,3,0.39,0.02,1.6,4,0.67,-0.01,13.08,1,0.45,0,0,2,0.67,0,0,3,0.45,0,0.42,4,0.67,0,13.07,0,-540,67.260002,-530.719971,0,-540,32.610001,-538.76001
1,0.34,-0.02,2.15,2,0.63,-0.03,0.76,3,0.39,-0.01,1.6,4,0.67,-0.01,13.12,1,0.45,0,0,2,0.67,0,0,3,0.45,0,0.42,4,0.67,0,13.07,0,-540,67.260002,-530.719971,0,-540,32.610001,-538.76001
1,0.34,0.01,2.11,2,0.63,0.02,0.74,3,0.39,-0.01,1.61,4,0.67,0.04,13.09,1,0.45,0,0,2,0.67,0,0,3,0.45,0,0.42,4,0.67,0,13.07,0,-540,67.260002,-530.719971,0,-540,32.610001,-538.76001
1,0.34,-0.02,2.14,2,0.63,-0.01,0.76,3,0.39,0.02,1.6,4,0.67,0.01,13.11,1,0.45,0,0,2,0.67,0,0,3,0.45,0,0.42,4,0.67,0,13.07,0,-540,67.260002,-530.719971,0,-540,32.610001,-538.76001
1,0.34,0.01,2.15,2,0.63,0.01,0.75,3,0.39,0.01,1.62,4,0.67,-0.02,13.1,1,0.45,0,0,2,0.67,0,0,3,0.45,0,0.42,4,0.67,0,13.07,0,-540,67.260002,-530.719971,0,-540,32.610001,-538.76001
1,0.34,0.02,2.13,2,0.63,-0.02,0.77,3,0.39,0.03,1.6,4,0.67,-0.02,13.09,1,0.45,0,0,2,0.67,0,0,3,0.45,0,0.42,4,0.67,0,13.07,0,-540,67.260002,-530.719971,0,-540,32.610001,-538.76001
1,0.34,0.01,2.14,2,0.63,-0.02,0.77,3,0.39,-0.01,1.61,4,0.67,0.02,13.09,1,0.45,0,0,2,0.67,0,0,3,0.45,0,0.42,4,0.67,0,13.07,0,-540,67.260002,-530.719971,0,-540,32.610001,-538.76001
1,0.34,-0.03,2.12,2,0.63,-0.02,0.78,3,0.39,0.01,1.61,4,0.67,0.01,13.1,1,0.45,0,0.93,2,0.67,0,13.78,3,0.45,0.12,-0.7,4,0.67,-0.35,-0.35,0,-540,67.260002,-530.719971,0.49,-539.570007,32.610001,-538.76001
1,0.34,0.02,3.05,2,0.63,-0.03,0.8,3,0.39,0.02,1.6,4,0.67,-0.01,13.11,1,0.45,0,0.89,2,0.67,0,13.78,3,0.46,0.34,-0.7,4,0.65,-0.79,-0.33,0,-540,67.050003,-530.640015,1.2,-537.719971,32.610001,-538.76001
1,0.33,-0.71,4.41,2,0.66,0.82,12.26,3,0.39,0.1,1.04,4,0.64,-0.31,0.25,1,0.45,0,0.89,2,0.67,0,13.78,3,0.47,0.54,-0.7,4,0.65,-0.79,-0.33,0,-540,65.980003,-535.299988,-4.65,-537.700012,38.919998,-534.690002
1,0.33,0.19,2.88,2,0.67,0.01,13.76,3,0.4,0.18,1.33,4,0.63,-0.35,-0.29,1,0.45,0,0.77,2,0.67,0,13.28,3,0.47,0.54,-0.7,4,0.63,-1.17,-0.32,0,-540,66.769997,-535.859985,-6.39,-534.400024,37.380001,-533.140015
1,0.33,-0.03,3.33,2,0.67,0.03,13.67,3,0.41,0.18,1.52,4,0.61,-0.38,-1.12,1,0.45,0,0.85,2,0.67,0,13.28,3,0.48,0.71,-0.83,4,0.59,-1.48,-0.37,0,-540,67.07,-535.77002,2.39,-529.869995,38.240002,-530.869995
1,0.33,0.04,3.17,2,0.67,-0.06,13.41,3,0.42,0.43,1.49,4,0.6,-0.29,-0.81,1,0.45,0,0.88,2,0.67,0,13.25,3,0.5,0.84,-0.79,4,0.55,-1.71,-0.33,0,-540,66.860001,-535.690002,1.86,-524.169983,34.25,-529.01001
1,0.33,-0.03,3.35,2,0.67,0.01,13.23,3,0.44,0.36,2.11,4,0.57,-0.58,-1.17,1,0.45,0,0.88,2,0.67,0,13.27,3,0.53,0.92,-0.79,4,0.51,-1.86,-0.31,0,-540,66.639999,-535.619995,2.11,-517.48999,31.15,-526.219971
1,0.33,-0.02,3.33,2,0.67,-0.04,13.32,3,0.46,0.55,1,4,0.54,-0.82,-1.45,1,0.45,0,0.88,2,0.67,0,13.28,3,0.55,0.96,-0.81,4,0.46,-1.93,-0.29,0,-540,66.860001,-535.690002,3.05,-509.619995,29.49,-521.76001
1,0.33,-0.03,3.34,2,0.67,-0.01,13.31,3,0.48,0.55,1.39,4,0.5,-1.03,-1.45,1,0.45,0,0.87,2,0.67,0,13.29,3,0.57,0.96,-0.79,4,0.41,-1.91,-0.26,0,-540,66.860001,-535.690002,2.95,-501.98999,26.780001,-515.710022
1,0.33,-0.01,3.35,2,0.67,-0.02,13.31,3,0.51,0.64,1.14,4,0.45,-1.2,-1.4,1,0.45,0,0.88,2,0.67,0,13.28,3,0.6,0.93,-0.53,4,0.36,-1.83,-0.12,0,-540,66.949997,-535.630005,2.81,-494.179993,25.02,-508.179993
1,0.33,0.01,3.35,2,0.67,-0.04,13.31,3,0.54,0.64,0.98,4,0.4,-1.13,-1.45,1,0.45,0,0.88,2,0.67,0,13.28,3,0.62,0.86,-0.49,4,0.36,-1.83,-0.12,0,-540,66.860001,-535.690002,-8.22,-494.119995,23.76,-499.880005
1,0.33,-0.03,3.35,2,0.67,-0.03,13.32,3,0.56,0.66,0.94,4,0.35,-1.14,-1.11,1,0.45,0,0.88,2,0.67,0,13.28,3,0.62,0.86,-0.49,4,0.32,-1.69,-0.1,0,-540,66.860001,-535.690002,-7.3,-486.549988,21.68,-491.730011
1,0.33,-0.02,3.33,2,0.67,0.01,13.3,3,0.59,0.64,0.74,4,0.31,-0.99,-1.11,1,0.45,0,0.88,2,0.67,0,13.28,3,0.64,0.77,-0.46,4,0.28,-1.5,-0.09,0,-540,66.860001,-535.690002,2.21,-479.619995,19.57,-483.899994
1,0.33,-0.01,3.33,2,0.67,0.01,13.31,3,0.62,0.46,1.14,4,0.27,-0.65,-0.58,1,0.45,0,0.88,2,0.67,0,13.28,3,0.66,0.66,-0.41,4,0.25,-1.27,-0.07,0,-540,66.860001,-535.690002,1.26,-473.369995,16.129999,-477.809998
1,0.33,0.01,3.32,2,0.67,-0.01,13.29,3,0.63,0.45,0.85,4,0.25,-0.47,-0.95,1,0.45,0,0.88,2,0.67,0,13.28,3,0.67,0.53,-0.37,4,0.22,-1.01,-0.07,0,-540,66.860001,-535.690002,1,-468.089996,12.56,-473.730011
1,0.33,-0.01,3.35,2,0.67,-0.01,13.31,3,0.65,0.21,0.79,4,0.23,-0.35,-1.08,1,0.45,0,0.88,2,0.67,0,13.28,3,0.69,0.39,-0.4,4,0.2,-0.7,-0.12,0,-540,66.860001,-535.690002,1.04,-463.75,10.23,-470.609985
1,0.33,-0.02,3.34,2,0.67,-0.02,13.31,3,0.66,0.23,0.63,4,0.22,-0.31,-1.36,1,0.45,0,0.88,2,0.67,0,13.28,3,0.69,0.24,-0.3,4,0.18,-0.39,-0.08,0,-540,67.059998,-535.669983,0.62,-461.179993,9.37,-467.98999
1,0.33,-0.01,3.35,2,0.67,-0.02,13.31,3,0.67,0.21,0.59,4,0.21,-0.13,-1.45,1,0.45,0,0.88,2,0.67,0,13.28,3,0.7,0.08,-0.17,4,0.18,-0.08,-0.03,0,-540,67.059998,-535.669983,0.17,-460.049988,7.2,-466.299988
1,0.33,-0.01,3.33,2,0.67,-0.02,13.33,3,0.67,0.01,0.93,4,0.21,-0.04,-1.34,1,0.45,0,0.88,2,0.67,0,13.29,3,0.7,-0.09,-0.13,4,0.18,-0.08,-0.03,0,-540,66.860001,-535.690002,0.23,-460.049988,5.5,-465.679993
1,0.33,0.01,3.35,2,0.67,-0.01,13.32,3,0.67,0.01,0.77,4,0.21,0.03,-1.07,1,0.45,0,0.88,2,0.67,0,13.29,3,0.69,-0.25,-0.1,4,0.18,0.23,-0.02,0,-540,66.860001,-535.690002,1.73,-460.399994,5.77,-465.75
1,0.33,0.01,3.34,2,0.67,-0.03,13.34,3,0.67,-0.02,0.6,4,0.21,0.03,-0.58,1,0.45,0,0.88,2,0.67,0,13.28,3,0.69,-0.25,-0.1,4,0.19,0.54,-0.02,0,-540,66.860001,-535.690002,-0.49,-462.25,5.6,-466.040009
1,0.33,0.01,3.34,2,0.67,-0.02,13.3,3,0.67,-0.12,0.42,4,0.21,0.12,0,1,0.45,0,0.88,2,0.67,0,13.28,3,0.68,-0.4,-0.11,4,0.21,0.87,-0.05,0,-540,66.860001,-535.690002,-1.2,-465.850006,6.58,-466.390015
1,0.33,-0.04,3.35,2,0.67,0.01,13.31,3,0.66,-0.16,0.14,4,0.22,0.18,-0.22,1,0.45,0,0.88,2,0.67,0,13.28,3,0.67,-0.54,-0.11,4,0.23,1.14,-0.09,0,-540,66.860001,-535.690002,-1.61,-470.540009,7.58,-467.589996
1,0.33,0.01,3.35,2,0.67,0.01,13.33,3,0.65,-0.23,0.03,4,0.23,0.2,0.51,1,0.45,0,0.88,2,0.67,0,13.28,3,0.66,-0.66,-0.12,4,0.26,1.39,-0.14,0,-540,66.860001,-535.690002,-1.96,-476.26001,8.95,-469.209991
1,0.33,-0.02,3.32,2,0.67,0.01,13.28,3,0.64,-0.26,0.36,4,0.24,0.43,0.79,1,0.45,0,0.88,2,0.67,0,13.28,3,0.64,-0.77,-0.11,4,0.3,1.6,-0.16,0,-540,67.059998,-535.669983,-2.38,-482.940002,11.77,-471.209991
1,0.33,-0.02,3.34,2,0.67,-0.01,13.31,3,0.63,-0.33,0.21,4,0.26,0.72,1.05,1,0.45,0,0.88,2,0.67,0,13.28,3,0.62,-0.86,-0.23,4,0.34,1.76,-0.26,0,-540,66.970001,-535.72998,-2.66,-490.329987,13.34,-475.809998
1,0.33,0.01,3.35,2,0.67,-0.03,13.31,3,0.61,-0.61,0.56,4,0.3,0.97,0.94,1,0.45,0,0.88,2,0.67,0,13.29,3,0.6,-0.93,-0.27,4,0.39,1.87,-0.29,0,-540,66.860001,-535.690002,-1.89,-497.899994,13.91,-482.809998
1,0.33,0.02,3.36,2,0.67,0.02,13.25,3,0.58,-0.57,0.53,4,0.35,1.2,0.44,1,0.45,0,0.88,2,0.67,0,13.29,3,0.57,-0.96,-0.28,4,0.39,1.87,-0.29,0,-540,66.760002,-535.76001,9.72,-497.799988,15.28,-491.320007
1,0.33,-0.01,3.33,2,0.67,-0.04,13.34,3,0.55,-0.71,0.65,4,0.4,1.27,0.4,1,0.45,0,0.87,2,0.67,0,13.28,3,0.57,-0.96,-0.28,4,0.44,1.93,-0.3,0,-540,66.860001,-535.690002,8.93,-506.200012,16.799999,-500.470001
1,0.33,-0.01,3.32,2,0.67,-0.01,13.31,3,0.52,-0.65,0.78,4,0.46,1.24,0.51,1,0.45,0,0.88,2,0.67,0,13.28,3,0.55,-0.96,-0.31,4,0.48,1.9,-0.31,0,-540,66.860001,-535.690002,-2.99,-513.679993,18.950001,-509.230011
1,0.33,0.01,3.34,2,0.67,-0.02,13.32,3,0.49,-0.63,0.84,4,0.5,0.93,-0.21,1,0.45,0,0.88,2,0.67,0,13.28,3,0.53,-0.92,-0.35,4,0.53,1.81,-0.3,0,-540,66.860001,-535.690002,-2.91,-520.619995,22.860001,-516.25
1,0.33,-0.03,3.33,2,0.67,0.01,13.31,3,0.46,-0.53,0.86,4,0.54,0.71,0.14,1,0.45,0,0.88,2,0.67,0,13.28,3,0.5,-0.83,-0.4,4,0.57,1.62,-0.31,0,-540,67.059998,-535.669983,-1.81,-526.859985,27.959999,-521.340027
1,0.33,0.01,3.35,2,0.67,0.01,13.3,3,0.44,-0.57,1.74,4,0.57,0.65,0.51,1,0.45,0,0.88,2,0.67,0,13.28,3,0.48,-0.7,-0.29,4,0.61,1.35,-0.21,0,-540,66.860001,-535.690002,-1.52,-532.119995,32.209999,-525.440002
1,0.33,0.01,3.33,2,0.67,-0.01,13.33,3,0.42,-0.43,1.49,4,0.6,0.65,0.7,1,0.45,0,0.88,2,0.67,0,13.29,3,0.47,-0.53,-0.44,4,0.64,0.97,-0.27,0,-540,66.860001,-535.690002,-1.65,-536.349976,35.889999,-529.219971
1,0.33,-0.02,3.34,2,0.67,-0.01,13.3,3,0.4,-0.33,1.59,4,0.63,0.63,0.75,1,0.45,0,0.88,2,0.67,0,13.28,3,0.46,-0.33,-0.77,4,0.66,0.56,-0.43,0,-540,66.860001,-535.690002,-1.02,-538.890015,38.380001,-532.859985
1,0.33,-0.01,3.31,2,0.67,-0.02,13.3,3,0.39,0.02,0.95,4,0.64,0.16,1.39,1,0.45,0,0.88,2,0.67,0,13.28,3,0.45,-0.11,-0.83,4,0.66,0.56,-0.43,0,-540,66.860001,-535.690002,1.94,-538.890015,37.540001,-535.400024
1,0.33,-0.01,3.33,2,0.67,-0.01,13.35,3,0.39,0.02,0.65,4,0.64,0.01,0.97,1,0.45,0,0.24,2,0.67,0,11.28,3,0.45,-0.11,-0.83,4,0.67,0.1,-0.44,0,-540,66.970001,-535.72998,0.07,-539.969971,38.240002,-535.200012
1,0.33,0.01,3.34,2,0.67,0.02,13.27,3,0.39,0.01,0.77,4,0.64,-0.01,0.53,1,0.45,0,-1.63,2,0.67,0,11.28,3,0.45,0,1.37,4,0.67,0,4.84,0,-540,66.860001,-535.690002,0,-540,38.23,-535.099976
1,0.33,-0.01,2.71,2,0.67,0.02,11.29,3,0.4,0.11,2.27,4,0.64,-0.05,0.67,1,0.45,0,-3.23,2,0.67,0,5.61,3,0.45,0,3.03,4,0.67,0,9.66,0,-540,66.949997,-535.630005,0,-540,36.490002,-535.059998
1,0.33,0.1,0.69,2,0.66,-0.07,5.79,3,0.4,-0.02,4.22,4,0.65,-0.05,5.6,1,0.45,0,-3.23,2,0.67,0,1.45,3,0.45,0,3.22,4,0.67,0,12.52,0,-540,67.480003,-534.859985,0,-540,32.450001,-536.140015
1,0.33,0.02,-0.87,2,0.66,-0.06,1.81,3,0.4,-0.07,4.23,4,0.65,0.1,9.81,1,0.45,0,-1.17,2,0.67,0,0.2,3,0.45,0,0.46,4,0.67,0,13.34,0,-540,69.099998,-533.789978,0,-540,32.099998,-537.080017
1,0.34,0.1,1,2,0.65,-0.26,1,3,0.39,-0.14,4.63,4,0.66,0.19,12.58,1,0.45,0,0,2,0.67,0,0,3,0.45,0,0.4,4,0.67,0,13.23,0,-540,66.559998,-533.289978,0,-540,31.76,-538.309998
1,0.34,0.18,1.9,2,0.64,-0.21,1.07,3,0.39,-0.06,1.67,4,0.67,0.1,13.35,1,0.45,0,0,2,0.67,0,0,3,0.45,0,0.41,4,0.67,0,13.11,0,-540,64.849998,-532.01001,0,-540,33.950001,-538.72998
1,0.35,0.04,1.99,2,0.64,-0.03,0.71,3,0.39,-0.01,1.65,4,0.67,0.01,13.28,1,0.45,0,0,2,0.67,0,0,3,0.45,0,0.44,4,0.67,0,13.11,0,-540,63.290001,-531.830017,0,-540,33.75,-538.840027
1,0.35,0.02,2.04,2,0.64,-0.01,0.67,3,0.39,-0.02,1.68,4,0.67,-0.02,13.12,1,0.45,0,0,2,0.67,0,0,3,0.45,0,0.44,4,0.67,0,13.07,0,-540,63.18,-531.789978,0,-540,34.060001,-538.77002
1,0.35,0.01,2.02,2,0.64,-0.03,0.68,3,0.39,0.01,1.69,4,0.67,0.01,13.1,1,0.45,0.03,-1.37,2,0.67,0,0,3,0.45,0,0.44,4,0.67,0,13.06,0.12,-539.929993,63.380001,-531.77002,0,-540,34.16,-538.820007
1,0.35,0.03,2.03,2,0.64,0.02,0.66,3,0.39,-0.03,1.72,4,0.67,0.01,13.09,1,0.45,0.26,-1.37,2,0.67,-0.14,-0.69,3,0.45,0,0.44,4,0.67,0,13.06,0.97,-538.530029,63.18,-531.789978,0,-540,34.470001,-538.849976
1,0.35,-0.02,1.7,2,0.64,-0.02,0.07,3,0.39,-0.02,1.71,4,0.67,0.01,13.07,1,0.45,0.26,-1.37,2,0.66,-0.64,-0.68,3,0.45,0,0.44,4,0.67,0,13.06,-4.01,-538.52002,63.18,-531.789978,0,-540,34.27,-538.859985
1,0.35,0.06,2.03,2,0.63,-0.09,-0.83,3,0.39,0.03,1.67,4,0.67,-0.02,13.09,1,0.46,0.48,-1.36,2,0.64,-1.05,-0.66,3,0.45,0,0.45,4,0.67,0,13.06,-5.88,-535.659973,62.84,-531.570007,0,-540,34.16,-538.820007
1,0.36,0.18,2.3,2,0.63,-0.19,-1.74,3,0.39,0.01,1.69,4,0.67,-0.01,13.08,1,0.48,0.66,-1.35,2,0.61,-1.39,-0.63,3,0.45,0,0.45,4,0.67,0,13.06,2.2,-531.539978,61.529999,-530.890015,0,-540,33.849998,-538.789978
1,0.37,0.29,2.57,2,0.62,-0.33,-1.16,3,0.39,-0.02,1.69,4,0.67,0.02,13.06,1,0.5,0.8,-1.33,2,0.57,-1.65,-0.59,3,0.45,0,0.44,4,0.67,0,13.06,2.62,-526.169983,58.240002,-529.840027,0,-540,33.849998,-538.789978
1,0.39,0.54,2.23,2,0.6,-0.53,-1.82,3,0.39,-0.01,1.7,4,0.67,-0.01,13.09,1,0.52,0.89,-1.28,2,0.52,-1.82,-0.54,3,0.45,0,0.44,4,0.67,0,13.06,2.97,-519.76001,52.709999,-527.650024,0,-540,33.849998,-538.789978
1,0.41,0.69,1.32,2,0.57,-0.71,-2.18,3,0.39,-0.02,1.71,4,0.67,-0.02,13.1,1,0.54,0.95,-1.3,2,0.48,-1.91,-0.53,3,0.45,0,0.44,4,0.67,0,13.06,2.97,-512.669983,45.619999,-524.340027,0,-540,33.849998,-538.789978
1,0.45,0.8,1.14,2,0.53,-0.9,-2.32,3,0.39,0.01,1.71,4,0.67,0.02,13.08,1,0.56,0.96,-1.21,2,0.43,-1.92,-0.46,3,0.45,0,0.44,4,0.67,0,13.06,3.03,-505.079987,37.040001,-519.859985,0,-540,34.060001,-538.77002
1,0.48,0.89,0.65,2,0.49,-1.02,-2.6,3,0.39,0.02,1.73,4,0.67,-0.01,13.09,1,0.59,0.94,-0.74,2,0.43,-1.92,-0.46,3,0.45,0,0.44,4,0.67,0,13.06,2.91,-497.320007,27.870001,-514.130005,0,-540,34.060001,-538.77002
1,0.53,0.93,0.13,2,0.45,-1.04,-2.6,3,0.39,-0.02,1.7,4,0.67,0.02,13.09,1,0.59,0.94,-0.74,2,0.38,-1.87,-0.22,3,0.45,0,0.44,4,0.67,0,13.06,-9.43,-497.23999,18.59,-507.480011,0,-540,33.959999,-538.830017
1,0.57,0.91,0.15,2,0.4,-0.96,-2.37,3,0.39,0.02,1.7,4,0.67,0.02,13.06,1,0.61,0.89,-0.55,2,0.34,-1.75,-0.11,3,0.45,0,0.44,4,0.67,0,13.06,-8.47,-489.549988,8.88,-500.619995,0,-540,33.959999,-538.830017
1,0.6,0.86,0.14,2,0.36,-0.83,-2.57,3,0.39,-0.01,1.71,4,0.67,0.03,13.06,1,0.63,0.81,-0.36,2,0.29,-1.57,-0.01,3,0.45,0,0.44,4,0.67,0,13.06,2.35,-481.809998,-0.57,-493.970001,0,-540,33.959999,-538.830017
1,0.64,0.71,0.06,2,0.33,-0.71,-1.81,3,0.39,-0.01,1.69,4,0.67,0.03,13.06,1,0.65,0.7,-0.17,2,0.26,-1.35,0.08,3,0.45,0,0.44,4,0.67,0,13.06,2.05,-475.230011,-8.76,-488.109985,0,-540,34.16,-538.820007
1,0.67,0.55,-0.15,2,0.3,-0.56,-2.08,3,0.39,0.02,1.69,4,0.67,0.05,13.07,1,0.67,0.58,0.01,2,0.23,-1.09,0.17,3,0.45,0,0.44,4,0.67,0,13.06,1.65,-469.609985,-15.03,-483.049988,0,-540,34.16,-538.820007
1,0.69,0.39,-0.65,2,0.28,-0.35,-2.34,3,0.39,-0.01,1.77,4,0.67,0.02,13.06,1,0.68,0.44,0.04,2,0.2,-0.81,0.15,3,0.45,0,0.44,4,0.67,0,13.06,1.24,-465.149994,-19.77,-479.390015,0,-540,34.369999,-538.809998
1,0.7,0.26,-0.32,2,0.27,-0.23,-2.61,3,0.39,0.01,1.74,4,0.67,-0.01,13.07,1,0.69,0.3,0.19,2,0.19,-0.52,0.22,3,0.45,0,0.44,4,0.67,0,13.06,0.79,-462.029999,-22.85,-476.839996,0,-540,34.369999,-538.809998
1,0.71,0.09,-0.1,2,0.26,-0.18,-2.75,3,0.39,-0.02,1.7,4,0.67,0.02,13.07,1,0.7,0.14,0.3,2,0.19,-0.52,0.22,3,0.45,0,0.45,4,0.67,0,13.06,-1.7,-462.019989,-24.049999,-475.25,0,-540,34.470001,-538.849976
1,0.71,-0.03,0.17,2,0.26,0.01,-2.78,3,0.39,-0.01,1.7,4,0.67,0.01,13.07,1,0.7,0.14,0.3,2,0.18,-0.12,0.28,3,0.45,0,0.45,4,0.67,0,13.06,0.59,-460.119995,-24.389999,-474.950012,0,-540,34.57,-538.789978
1,0.71,0.01,0.18,2,0.26,-0.02,-2.76,3,0.39,0.03,1.68,4,0.67,0.01,13.09,1,0.7,-0.06,0.44,2,0.18,0.19,0.34,3,0.45,0,0.45,4,0.67,0,13.06,-0.22,-460.279999,-24.209999,-474.959991,0,-540,34.369999,-538.809998
1,0.71,-0.03,0.05,2,0.26,-0.02,-2.37,3,0.39,-0.03,1.7,4,0.67,0.01,13.07,1,0.69,-0.23,0.45,2,0.19,0.51,0.33,3,0.45,0,0.45,4,0.67,0,13.06,-0.46,-461.940002,-24.309999,-475.029999,0,-540,34.16,-538.820007
1,0.71,-0.03,0.07,2,0.26,-0.02,-1.81,3,0.39,0.02,1.71,4,0.67,-0.02,13.08,1,0.69,-0.38,0.45,2,0.2,0.83,0.31,3,0.45,0,0.44,4,0.67,0,13.06,-1.12,-465.309998,-24.309999,-475.160004,0,-540,34.16,-538.820007
1,0.7,-0.1,-0.11,2,0.26,0.02,-1.16,3,0.39,0.01,1.71,4,0.67,0.02,13.08,1,0.67,-0.52,0.46,2,0.23,1.1,0.28,3,0.45,0,0.44,4,0.67,0,13.06,-1.55,-469.769989,-23.690001,-475.410004,0,-540,34.16,-538.820007
1,0.7,-0.04,-0.58,2,0.27,0.11,-0.41,3,0.39,0.01,1.69,4,0.67,0.01,13.08,1,0.66,-0.65,0.47,2,0.23,1.1,0.28,3,0.45,0,0.44,4,0.67,0,13.06,-1.94,-475.399994,-23.540001,-476.109985,0,-540,34.369999,-538.809998
1,0.69,-0.19,-0.75,2,0.27,0.23,0.3,3,0.39,-0.01,1.76,4,0.67,0.01,13.09,1,0.66,-0.65,0.47,2,0.26,1.35,0.24,3,0.45,0,0.44,4,0.67,0,13.06,6.41,-475.359985,-21.780001,-477.440002,0,-540,34.369999,-538.809998
1,0.68,-0.24,0.07,2,0.29,0.4,0.8,3,0.39,-0.04,1.82,4,0.67,-0.02,13.07,1,0.64,-0.76,0.45,2,0.29,1.57,0.19,3,0.45,0,0.45,4,0.67,0,13.06,8.13,-481.929993,-19.530001,-480.299988,0,-540,34.880001,-538.820007
1,0.66,-0.6,-0.53,2,0.31,0.61,1.2,3,0.39,0.01,1.79,4,0.67,0.01,13.07,1,0.62,-0.86,0.43,2,0.34,1.74,0.14,3,0.45,0,0.45,4,0.67,0,13.06,-1.73,-489.179993,-15.07,-484.399994,0,-540,34.880001,-538.820007
1,0.63,-0.85,-0.16,2,0.34,0.82,1.47,3,0.39,0.02,1.71,4,0.67,-0.01,13.09,1,0.6,-0.92,0.39,2,0.38,1.86,0.08,3,0.45,0,0.45,4,0.67,0,13.06,-1.92,-496.950012,-8.04,-490.109985,0,-540,35.09,-538.809998
1,0.59,-0.95,0.01,2,0.38,0.83,0.56,3,0.39,-0.01,1.73,4,0.67,0.02,13.06,1,0.58,-0.96,0.3,2,0.43,1.92,0.01,3,0.45,0,0.46,4,0.67,0,13.06,-2.13,-504.799988,1.7,-496.170013,0,-540,34.880001,-538.820007
1,0.55,-0.98,0.69,2,0.42,0.95,0.5,3,0.39,-0.01,1.72,4,0.67,-0.01,13.06,1,0.55,-0.96,0.16,2,0.48,1.91,-0.07,3,0.45,0,0.45,4,0.67,0,13.06,-3.04,-512.97998,11.8,-502.940002,0,-540,34.880001,-538.820007
1,0.51,-0.95,1.96,2,0.46,0.89,0.87,3,0.39,0.02,1.71,4,0.67,0.04,13.08,1,0.53,-0.92,0.18,2,0.53,1.82,-0.02,3,0.45,0,0.45,4,0.67,0,13.06,-2.99,-520.02002,21.77,-509.299988,0,-540,34.880001,-538.820007
1,0.47,-0.83,2.1,2,0.5,0.88,1.28,3,0.39,0.03,1.68,4,0.67,-0.01,13.06,1,0.51,-0.85,-0.03,2,0.53,1.82,-0.02,3,0.45,0,0.45,4,0.67,0,13.06,-2.69,-526.349976,31.66,-514.969971,0,-540,34.68,-538.840027
1,0.44,-0.77,2.46,2,0.54,0.82,1.49,3,0.39,0.01,1.71,4,0.67,-0.01,13.07,1,0.51,-0.85,-0.03,2,0.57,1.64,-0.12,3,0.45,0,0.45,4,0.67,0,13.06,-2.32,-531.659973,40.830002,-519.809998,0,-540,34.68,-538.840027
1,0.41,-0.68,2.51,2,0.57,0.72,1.52,3,0.39,-0.01,1.72,4,0.67,0.01,13.06,1,0.49,-0.73,-0.67,2,0.61,1.38,-0.43,3,0.45,0,0.45,4,0.67,0,13.06,6.26,-531.630005,49.59,-523.75,0,-540,34.779999,-538.780029
1,0.38,-0.61,2.2,2,0.6,0.6,1.32,3,0.39,0.02,1.72,4,0.67,-0.02,13.05,1,0.47,-0.56,-0.87,2,0.64,1.03,-0.51,3,0.45,0,0.45,4,0.67,0,13.06,-1.82,-535.830017,57.400002,-526.890015,0,-540,34.779999,-538.780029
1,0.36,-0.45,2.25,2,0.62,0.4,1.12,3,0.39,0.01,1.72,4,0.67,-0.02,13.07,1,0.46,-0.37,-1.07,2,0.66,0.62,-0.59,3,0.45,0,0.45,4,0.67,0,13.06,-1.17,-538.599976,64.199997,-529.210022,0,-540,34.779999,-538.780029
1,0.34,-0.28,1.33,2,0.63,0.19,1.1,3,0.39,0.01,1.75,4,0.67,0.01,13.08,1,0.45,-0.14,-1.24,2,0.67,0.17,-0.66,3,0.45,0,0.45,4,0.67,0,13.06,-0.38,-539.900024,68.82,-530.780029,0,-540,34.68,-538.840027
1,0.33,-0.09,2.13,2,0.64,0.09,0.88,3,0.39,-0.01,1.72,4,0.67,-0.02,13.09,1,0.45,0,0,2,0.67,0,0,3,0.45,0,0.45,4,0.67,0,13.06,0,-540,70.519997,-531.179993,0,-540,34.470001,-538.849976
1,0.34,0.03,1.97,2,0.64,-0.01,0.54,3,0.39,0.01,1.71,4,0.67,0.04,13.06,1,0.45,0,0,2,0.67,0,0,3,0.45,0,0.45,4,0.67,0,13.06,0,-540,70.410004,-531.150024,0,-540,34.369999,-538.809998
1,0.34,0.05,2.19,2,0.64,-0.03,0.73,3,0.39,0.01,1.72,4,0.67,0.03,13.07,1,0.45,0,0,2,0.67,0,0,3,0.45,0,0.45,4,0.67,0,13.06,0,-540,69.669998,-530.97998,0,-540,34.470001,-538.849976
1,0.34,-0.01,2.25,2,0.63,-0.02,0.65,3,0.39,-0.01,1.71,4,0.67,0.01,13.07,1,0.45,0,0,2,0.67,0,0,3,0.45,0,0.45,4,0.67,0,13.06,0,-540,69.25,-530.929993,0,-540,34.68,-538.840027
1,0.34,0.01,2.24,2,0.63,0.01,0.68,3,0.39,-0.02,1.72,4,0.67,0.01,13.05,1,0.45,0,0,2,0.67,0,0,3,0.45,0,0.45,4,0.67,0,13.06,0,-540,69.25,-530.929993,0,-540,34.68,-538.840027
1,0.34,0.01,2.25,2,0.63,-0.03,0.68,3,0.39,0.01,1.72,4,0.67,0.02,13.08,1,0.45,0,0,2,0.67,0,0,3,0.45,0,0.45,4,0.67,0,13.06,0,-540,69.25,-530.929993,0,-540,34.880001,-538.820007
1,0.34,-0.02,2.25,2,0.63,-0.01,0.69,3,0.39,-0.01,1.73,4,0.67,-0.01,13.07,1,0.45,0,0,2,0.67,0,0,3,0.45,0,0.45,4,0.67,0,13.06,0,-540,69.25,-530.929993,0,-540,34.880001,-538.820007
1,0.34,-0.03,2.25,2,0.63,-0.03,0.7,3,0.39,0.03,1.7,4,0.67,-0.01,13.05,1,0.45,0,0,2,0.67,0,0,3,0.45,0,0.45,4,0.67,0,13.06,0,-540,69.25,-530.929993,0,-540,34.880001,-538.820007
1,0.34,-0.02,2.24,2,0.63,0.01,0.69,3,0.39,0.01,1.7,4,0.67,0.02,13.08,1,0.45,0,0,2,0.67,0,0,3,0.45,0,0.45,4,0.67,0,13.06,0,-540,69.25,-530.929993,0,-540,34.68,-538.840027
1,0.34,-0.01,2.23,2,0.63,-0.01,0.68,3,0.39,0.02,1.75,4,0.67,0.03,13.07,1,0.45,0,0.92,2,0.67,0,13.74,3,0.45,0,0.45,4,0.67,-0.06,-0.37,0,-540,69.050003,-530.960022,-1.39,-539.98999,34.68,-538.840027
1,0.34,0.09,2.03,2,0.63,-0.07,0.8,3,0.39,0.19,1.24,4,0.64,-0.27,0.53,1,0.45,0,0.92,2,0.67,0,13.74,3,0.45,0.22,-0.75,4,0.66,-0.52,-0.36,0,-540,68.629997,-530.909973,0.53,-539.049988,39.369999,-535.169983
1,0.33,-0.61,4.22,2,0.66,0.8,12.28,3,0.4,0.13,1.37,4,0.64,-0.1,0.64,1,0.45,0,0.91,2,0.67,0,13.74,3,0.46,0.43,-0.75,4,0.64,-0.97,-0.35,0,-540,68.260002,-534.460022,1.53,-536.400024,36.540001,-534.390015
1,0.32,-0.04,3.51,2,0.67,0.23,13.31,3,0.4,0.07,1.59,4,0.63,0.03,-0.39,1,0.45,0,0.91,2,0.67,0,13.75,3,0.47,0.62,-0.84,4,0.61,-1.32,-0.39,0,-540,68.629997,-535.719971,2.08,-532.530029,36.330002,-534.200012
1,0.32,0.03,3.43,2,0.67,0.01,13.77,3,0.4,0.14,1.48,4,0.62,-0.32,-0.84,1,0.45,0,0.9,2,0.67,0,13.4,3,0.49,0.77,-0.78,4,0.58,-1.6,-0.34,0,-540,68.779999,-536.150024,2.55,-527.429993,36.439999,-532.840027
1,0.32,0.11,3.23,2,0.67,-0.11,13.67,3,0.42,0.33,1.47,4,0.61,-0.49,-1.38,1,0.45,0,0.9,2,0.67,0,13.27,3,0.51,0.88,-0.81,4,0.53,-1.79,-0.33,0,-540,68.419998,-535.75,2.89,-521.210022,35.75,-530.190002
1,0.33,-0.02,3.43,2,0.67,-0.02,13.38,3,0.43,0.44,1.73,4,0.57,-0.86,-1.54,1,0.45,0,0.9,2,0.67,0,13.22,3,0.54,0.94,-0.74,4,0.49,-1.9,-0.27,0,-540,68.07,-535.440002,3,-514.159973,34.459999,-525.960022
1,0.32,-0.04,3.47,2,0.67,0.04,13.23,3,0.45,0.52,1.54,4,0.53,-1.05,-1.31,1,0.45,0,0.9,2,0.67,0,13.27,3,0.56,0.96,-0.7,4,0.49,-1.9,-0.27,0,-540,68.400002,-535.549988,-9.3,-514.080017,34.939999,-519.719971
1,0.32,-0.04,3.46,2,0.67,0.01,13.23,3,0.48,0.58,1.79,4,0.48,-1.29,-1.23,1,0.45,0,0.89,2,0.67,0,13.28,3,0.58,0.95,-0.7,4,0.44,-1.93,-0.23,0,-540,68.5,-535.590027,-9.07,-506.5,34.619999,-511.950012
1,0.32,-0.01,3.39,2,0.67,-0.03,13.31,3,0.51,0.77,1.38,4,0.43,-1.21,-1.07,1,0.45,0,0.89,2,0.67,0,13.28,3,0.58,0.95,-0.7,4,0.39,-1.88,-0.21,0,-540,68.400002,-535.549988,2.95,-498.769989,32.310001,-503.470001
1,0.32,-0.04,3.43,2,0.67,-0.02,13.29,3,0.54,0.68,1.29,4,0.38,-1.11,-1.17,1,0.45,0,0.9,2,0.67,0,13.28,3,0.61,0.9,-0.68,4,0.35,-1.78,-0.2,0,-540,68.290001,-535.51001,2.75,-491,29.51,-495.290009
1,0.32,-0.03,3.42,2,0.67,0.02,13.3,3,0.57,0.63,1.17,4,0.33,-0.81,-0.44,1,0.45,0,0.9,2,0.67,0,13.29,3,0.63,0.83,-0.63,4,0.3,-1.62,-0.17,0,-540,68.400002,-535.549988,2.43,-483.660004,24.889999,-488.420013
1,0.32,-0.02,3.42,2,0.67,0.03,13.31,3,0.59,0.62,0.8,4,0.3,-0.63,-0.87,1,0.45,0,0.89,2,0.67,0,13.29,3,0.65,0.72,-0.56,4,0.27,-1.41,-0.15,0,-540,68.400002,-535.549988,1.38,-476.970001,19.82,-483.149994
1,0.32,0.01,3.42,2,0.67,-0.01,13.27,3,0.61,0.39,0.79,4,0.28,-0.56,-1.16,1,0.45,0,0.9,2,0.67,0,13.29,3,0.67,0.61,-0.61,4,0.23,-1.15,-0.2,0,-540,68.400002,-535.549988,1.72,-470.640015,15.8,-478.649994
1,0.32,0.01,3.42,2,0.67,-0.01,13.3,3,0.63,0.44,0.44,4,0.26,-0.53,-1.31,1,0.45,0,0.9,2,0.67,0,13.29,3,0.68,0.47,-0.3,4,0.21,-0.87,-0.05,0,-540,68.5,-535.590027,1.34,-465.940002,13.4,-474.619995
1,0.32,-0.01,3.42,2,0.67,-0.02,13.3,3,0.65,0.33,0.64,4,0.23,-0.47,-1.31,1,0.45,0,0.9,2,0.67,0,13.29,3,0.69,0.32,-0.25,4,0.19,-0.57,-0.03,0,-540,68.5,-535.590027,0.87,-462.5,10.51,-470.820007
1,0.32,-0.03,3.42,2,0.67,0.02,13.28,3,0.66,0.28,0.63,4,0.22,-0.38,-1.24,1,0.45,0,0.9,2,0.67,0,13.28,3,0.69,0.17,-0.19,4,0.19,-0.57,-0.03,0,-540,68.5,-535.590027,-1.98,-462.5,8.73,-467.359985
1,0.32,-0.02,3.42,2,0.67,-0.01,13.29,3,0.67,0.2,0.71,4,0.21,-0.12,-1.29,1,0.45,0,0.9,2,0.67,0,13.28,3,0.69,0.17,-0.19,4,0.18,-0.26,-0.02,0,-540,68.5,-535.590027,-0.6,-460.51001,5.15,-465.679993
1,0.32,-0.03,3.44,2,0.67,-0.02,13.29,3,0.67,-0.03,0.83,4,0.2,-0.06,-1.04,1,0.45,0,0.9,2,0.67,0,13.28,3,0.7,0.01,-0.16,4,0.18,0.05,-0.02,0,-540,68.599998,-535.52002,-0.02,-460.019989,5.05,-465.029999
1,0.32,0.01,3.42,2,0.67,-0.02,13.29,3,0.67,0.01,0.61,4,0.2,0.02,-1.09,1,0.45,0,0.9,2,0.67,0,13.28,3,0.7,-0.14,-0.09,4,0.18,0.37,-0.01,0,-540,68.400002,-535.549988,-0.47,-461.019989,5.94,-464.730011
1,0.32,-0.01,3.43,2,0.67,-0.01,13.3,3,0.67,-0.04,0.47,4,0.2,-0.01,-0.67,1,0.45,0,0.9,2,0.67,0,13.29,3,0.69,-0.31,-0.09,4,0.19,0.67,-0.03,0,-540,68.599998,-535.52002,-0.62,-463.480011,6.2,-464.799988
1,0.32,0.01,3.41,2,0.67,0.02,13.29,3,0.67,-0.07,0.56,4,0.2,0.02,-0.07,1,0.45,0,0.9,2,0.67,0,13.29,3,0.68,-0.46,-0.11,4,0.22,0.99,-0.08,0,-540,68.5,-535.590027,-1.38,-467.709991,7.62,-464.929993
1,0.32,-0.02,3.42,2,0.67,0.02,13.29,3,0.66,-0.11,0.33,4,0.21,0.19,0.37,1,0.45,0,0.9,2,0.67,0,13.29,3,0.67,-0.59,-0.11,4,0.24,1.25,-0.12,0,-540,68.5,-535.590027,-1.81,-472.899994,9.41,-465.619995
1,0.32,-0.01,3.42,2,0.67,-0.02,13.3,3,0.65,-0.18,1.09,4,0.22,0.41,0.87,1,0.45,0,0.9,2,0.67,0,13.28,3,0.65,-0.71,-0.18,4,0.28,1.48,-0.19,0,-540,68.5,-535.590027,-2.11,-479.070007,10.09,-468.119995
1,0.32,0.02,3.42,2,0.67,-0.03,13.31,3,0.64,-0.38,0.31,4,0.24,0.61,0.88,1,0.45,0,0.9,2,0.67,0,13.28,3,0.63,-0.82,-0.2,4,0.28,1.48,-0.19,0,-540,68.400002,-535.549988,7.03,-479.019989,11.08,-472.220001
1,0.32,-0.01,3.42,2,0.67,0.01,13.29,3,0.62,-0.41,0.21,4,0.28,0.91,0.76,1,0.45,0,0.9,2,0.67,0,13.29,3,0.63,-0.82,-0.2,4,0.32,1.68,-0.23,0,-540,68.300003,-535.609985,7.88,-486.070007,12.51,-478.600006
1,0.32,-0.01,3.43,2,0.67,-0.02,13.3,3,0.6,-0.58,0.21,4,0.32,1.14,0.61,1,0.45,0,0.89,2,0.67,0,13.29,3,0.61,-0.89,-0.22,4,0.36,1.82,-0.27,0,-540,68.400002,-535.549988,-2.76,-493.679993,12.81,-486.820007
1,0.32,-0.01,3.43,2,0.67,-0.02,13.31,3,0.57,-0.66,0.45,4,0.37,0.96,-0.04,1,0.45,0,0.9,2,0.67,0,13.28,3,0.59,-0.95,-0.25,4,0.41,1.91,-0.29,0,-540,68.5,-535.590027,-2.94,-501.480011,15,-494.589996
1,0.32,-0.03,3.42,2,0.67,0.02,13.31,3,0.54,-0.57,0.48,4,0.41,0.88,0.02,1,0.45,0,0.9,2,0.67,0,13.29,3,0.56,-0.96,-0.26,4,0.46,1.93,-0.28,0,-540,68.5,-535.590027,-3.03,-509.140015,19.02,-500.959991
1,0.32,0.01,3.41,2,0.67,-0.01,13.31,3,0.52,-0.51,1.03,4,0.45,0.82,0.29,1,0.45,0,0.9,2,0.67,0,13.28,3,0.54,-0.94,-0.11,4,0.5,1.87,-0.16,0,-540,68.5,-535.590027,-2.03,-516.5,21.67,-507
1,0.32,-0.03,3.42,2,0.67,0.01,13.31,3,0.49,-0.55,1.16,4,0.48,0.89,0.6,1,0.45,0,0.9,2,0.67,0,13.28,3,0.52,-0.88,-0.2,4,0.55,1.74,-0.2,0,-540,68.400002,-535.549988,-1.89,-523.22998,26.23,-512.679993
1,0.32,0.02,3.42,2,0.67,-0.01,13.3,3,0.47,-0.55,1.33,4,0.53,0.98,0.91,1,0.45,0,0.9,2,0.67,0,13.28,3,0.49,-0.78,-0.55,4,0.59,1.5,-0.37,0,-540,68.400002,-535.549988,-2.52,-529.559998,29.24,-519.109985
1,0.32,-0.01,3.41,2,0.67,-0.01,13.31,3,0.44,-0.58,1.49,4,0.57,0.99,0.68,1,0.45,0,0.9,2,0.67,0,13.29,3,0.48,-0.64,-0.62,4,0.59,1.5,-0.37,0,-540,68.190002,-535.580017,6.84,-529.52002,31.1,-525.450012
1,0.32,-0.02,3.42,2,0.67,-0.03,13.31,3,0.42,-0.44,1.18,4,0.61,0.9,0.22,1,0.45,0,0.9,2,0.67,0,13.29,3,0.48,-0.64,-0.62,4,0.63,1.19,-0.39,0,-540,68.400002,-535.549988,5.22,-534.169983,32.75,-531.02002
1,0.32,-0.03,3.43,2,0.67,-0.01,13.3,3,0.4,-0.27,0.94,4,0.64,0.31,1.19,1,0.45,0,0.89,2,0.67,0,13.29,3,0.46,-0.46,-0.67,4,0.65,0.81,-0.39,0,-540,68.400002,-535.549988,-1.43,-537.539978,35.23,-534.73999
1,0.32,-0.04,3.45,2,0.67,0.03,13.3,3,0.4,0.03,0.52,4,0.64,0.02,1.06,1,0.45,0,0.9,2,0.67,0,13.29,3,0.45,-0.25,-0.71,4,0.66,0.38,-0.39,0,-540,68.519997,-535.690002,-0.73,-539.5,36.470001,-534.76001
1,0.32,0.03,3.38,2,0.67,0.01,13.29,3,0.4,0.03,0.58,4,0.64,-0.02,1.25,1,0.45,0,0.9,2,0.67,0,13.29,3,0.45,0,0.22,4,0.67,0,1.84,0,-540,68.519997,-535.690002,0,-540,36.560001,-534.700012
1,0.32,0.01,3.43,2,0.67,0.03,13.26,3,0.4,0.01,0.58,4,0.64,0.02,1.02,1,0.45,0,-0.7,2,0.67,0,7.8,3,0.45,0,2.59,4,0.67,0,7.94,0,-540,68.610001,-535.619995,0,-540,36.66,-534.640015
1,0.32,0.02,1.8,2,0.67,-0.06,7.91,3,0.4,0.04,1.21,4,0.64,0.01,2.5,1,0.45,0,-2.91,2,0.67,0,2.57,3,0.45,0,4.2,4,0.67,0,12.27,0,-540,69.269997,-535.090027,0,-540,34.740002,-535.030029
1,0.32,-0.01,-0.36,2,0.67,0.04,7.72,3,0.41,0.2,3.55,4,0.65,0.07,8.49,1,0.45,0,-1.95,2,0.67,0,0.51,3,0.45,0,0.92,4,0.67,0,13.43,0,-540,69.690002,-535.130005,0,-540,27.76,-536.710022
1,0.33,-0.01,0.49,2,0.66,-0.07,2.81,3,0.41,-0.12,5.45,4,0.66,0.11,12.5,1,0.45,0,0,2,0.67,0,0,3,0.45,0,0.36,4,0.67,0,13.43,0,-540,69.209999,-534.590027,0,-540,26.9,-537.919983
1,0.33,0.04,0.41,2,0.66,-0.15,1,3,0.4,-0.04,1.78,4,0.66,-0.01,13.81,1,0.45,0,0,2,0.67,0,0,3,0.45,0,0.36,4,0.67,0,13.27,0,-540,69.629997,-533.869995,0,-540,30.23,-538.549988
1,0.34,0.2,2.07,2,0.65,-0.29,0.92,3,0.4,-0.05,1.51,4,0.66,0.04,13.32,1,0.45,0,0,2,0.67,0,0,3,0.45,0,0.35,4,0.67,0,13.14,0,-540,67.559998,-533.059998,0,-540,29.92,-538.619995
1,0.34,0.14,1.91,2,0.64,-0.12,0.68,3,0.4,-0.02,1.39,4,0.66,-0.01,13.34,1,0.45,0,0,2,0.67,0,0,3,0.45,0,0.39,4,0.67,0,13.09,0,-540,65.489998,-532.140015,0,-540,30.030001,-538.659973
1,0.35,0.01,2.07,2,0.64,-0.04,0.63,3,0.4,0.01,1.42,4,0.66,0.01,13.23,1,0.45,0,0,2,0.67,0,0,3,0.45,0,0.39,4,0.67,0,13.08,0,-540,64.529999,-531.890015,0,-540,30.23,-538.650024
1,0.35,-0.01,2.06,2,0.64,-0.02,0.63,3,0.4,0.03,1.46,4,0.66,-0.04,13.18,1,0.45,0,0,2,0.67,0,0,3,0.45,0,0.39,4,0.67,0,13.07,-0.44,-540,64.43,-531.960022,0,-540,30.23,-538.650024
1,0.35,0.01,2.06,2,0.64,0.01,0.63,3,0.4,0.02,1.45,4,0.66,0.03,13.16,1,0.45,0.12,-1.39,2,0.67,-0.36,-0.7,3,0.45,0,0.39,4,0.67,0,13.08,0.51,-539.539978,64.43,-531.960022,0,-540,30.23,-538.650024
1,0.35,-0.01,1.91,2,0.64,-0.03,0.65,3,0.4,-0.01,1.46,4,0.66,0.01,13.16,1,0.46,0.35,-1.39,2,0.65,-0.81,-0.68,3,0.45,0,0.39,4,0.67,0,13.08,1.28,-537.570007,64.529999,-531.890015,0,-540,30.33,-538.599976
1,0.35,0.06,2.33,2,0.64,-0.05,-0.3,3,0.4,0.02,1.45,4,0.66,0.01,13.17,1,0.47,0.55,-1.38,2,0.63,-1.19,-0.66,3,0.45,0,0.4,4,0.67,0,13.08,1.9,-534.179993,63.990002,-531.700012,0,-540,30.129999,-538.609985
1,0.35,0.12,2.05,2,0.63,-0.11,-1.22,3,0.4,-0.01,1.46,4,0.66,0.01,13.15,1,0.48,0.72,-1.38,2,0.59,-1.5,-0.63,3,0.45,0,0.39,4,0.67,0,13.08,2.39,-529.549988,63,-531.140015,0,-540,30.23,-538.549988
1,0.36,0.28,2.21,2,0.62,-0.27,-1.96,3,0.4,-0.02,1.45,4,0.66,0.01,13.17,1,0.51,0.85,-1.37,2,0.55,-1.73,-0.6,3,0.45,0,0.39,4,0.67,0,13.08,1.82,-523.820007,60.529999,-530.219971,0,-540,30.23,-538.549988
1,0.38,0.56,1.97,2,0.6,-0.58,-2.34,3,0.4,0.01,1.45,4,0.66,-0.01,13.19,1,0.53,0.92,-1.35,2,0.55,-1.73,-0.6,3,0.45,0,0.39,4,0.67,0,13.09,2.01,-517.090027,55.779999,-527.869995,0,-540,30.23,-538.549988
1,0.41,0.74,1.73,2,0.57,-0.88,-2.4,3,0.4,-0.01,1.45,4,0.66,-0.01,13.18,1,0.53,0.92,-1.35,2,0.51,-1.87,-0.56,3,0.45,0,0.39,4,0.67,0,13.09,-10.14,-517,48.700001,-523.890015,0,-540,30.33,-538.5
1,0.45,0.9,1.37,2,0.52,-1.07,-2.61,3,0.4,0.03,1.45,4,0.66,0.01,13.17,1,0.55,0.96,-1.14,2,0.46,-1.93,-0.43,3,0.45,0,0.39,4,0.67,0,13.09,-9.04,-509.079987,39.810001,-518.22998,0,-540,30.33,-538.5
1,0.49,0.99,0.86,2,0.48,-1.15,-2.34,3,0.4,0.01,1.47,4,0.66,-0.01,13.16,1,0.58,0.96,-0.98,2,0.41,-1.91,-0.33,3,0.45,0,0.4,4,0.67,0,13.09,2.95,-501.5,29.790001,-511.480011,0,-540,30.33,-538.5
1,0.53,0.98,0.47,2,0.43,-0.96,-1.49,3,0.4,-0.01,1.48,4,0.66,0.04,13.15,1,0.6,0.92,-0.79,2,0.36,-1.82,-0.23,3,0.45,0,0.4,4,0.67,0,13.09,2.78,-493.670013,18.690001,-505.029999,0,-540,30.23,-538.549988
1,0.57,0.89,0.35,2,0.39,-0.9,-1.77,3,0.4,-0.02,1.46,4,0.66,0.02,13.17,1,0.62,0.86,-0.58,2,0.32,-1.68,-0.12,3,0.45,0,0.39,4,0.67,0,13.09,2.57,-486.190002,8.36,-498.529999,0,-540,30.43,-538.539978
1,0.61,0.7,-0.22,2,0.36,-0.78,-2,3,0.4,-0.01,1.45,4,0.66,0.03,13.16,1,0.64,0.77,-0.55,2,0.28,-1.49,-0.14,3,0.45,0,0.4,4,0.67,0,13.09,2.24,-479.23999,0.94,-492.540009,0,-540,30.33,-538.599976
1,0.64,0.63,-0.51,2,0.33,-0.62,-2.3,3,0.4,-0.01,1.5,4,0.66,-0.03,13.17,1,0.66,0.65,-0.32,2,0.25,-1.26,-0.03,3,0.45,0,0.4,4,0.67,0,13.09,1.23,-473.059998,-6.51,-487.480011,0,-540,30.540001,-538.580017
1,0.66,0.47,-0.56,2,0.3,-0.46,-2.62,3,0.4,0.03,1.47,4,0.66,-0.02,13.16,1,0.67,0.52,-0.15,2,0.25,-1.26,-0.03,3,0.45,0,0.4,4,0.67,0,13.08,1.46,-467.459991,-11.62,-483.209991,0,-540,30.540001,-538.580017
1,0.68,0.35,-0.22,2,0.28,-0.38,-2.64,3,0.4,0.01,1.5,4,0.66,-0.01,13.16,1,0.67,0.52,-0.15,2,0.22,-0.97,0.07,3,0.45,0,0.4,4,0.67,0,13.08,-3.77,-467.450012,-15.75,-479.820007,0,-540,30.540001,-538.580017
1,0.69,0.21,-0.12,2,0.27,-0.3,-2.81,3,0.4,0.01,1.47,4,0.66,0.02,13.16,1,0.69,0.38,0.22,2,0.2,-0.68,0.25,3,0.45,0,0.4,4,0.67,0,13.08,-2.45,-463.559998,-18.209999,-477.109985,0,-540,30.540001,-538.580017
1,0.7,0.18,0.22,2,0.26,-0.14,-2.75,3,0.4,0.01,1.47,4,0.66,0.01,13.16,1,0.69,0.23,0.29,2,0.18,-0.37,0.28,3,0.45,0,0.4,4,0.67,0,13.08,0.59,-461.059998,-20.5,-475.200012,0,-540,30.440001,-538.640015
1,0.7,0.05,0.29,2,0.26,0.01,-2.62,3,0.4,-0.01,1.51,4,0.66,0.03,13.16,1,0.7,0.07,0.34,2,0.18,-0.06,0.3,3,0.45,0,0.4,4,0.67,0,13.08,0.14,-460.019989,-21.120001,-474.829987,0,-540,30.440001,-538.640015
1,0.7,-0.04,0.36,2,0.26,-0.01,-2.55,3,0.4,0.01,1.47,4,0.66,-0.02,13.17,1,0.7,-0.09,0.38,2,0.18,0.26,0.3,3,0.45,0,0.4,4,0.67,0,13.08,-0.31,-460.51001,-21.120001,-474.829987,0,-540,30.440001,-538.640015
1,0.7,-0.01,0.31,2,0.26,-0.02,-2.26,3,0.4,0.03,1.48,4,0.66,-0.01,13.17,1,0.69,-0.25,0.39,2,0.19,0.57,0.29,3,0.45,0,0.4,4,0.67,0,13.08,-0.76,-462.470001,-21.209999,-474.890015,0,-540,30.540001,-538.580017
1,0.7,0.01,0.08,2,0.26,0.01,-1.67,3,0.4,0.01,1.48,4,0.66,-0.01,13.16,1,0.68,-0.41,0.39,2,0.21,0.86,0.27,3,0.45,0,0.4,4,0.67,0,13.08,-0.81,-465.829987,-21.309999,-474.959991,0,-540,30.440001,-538.640015
1,0.7,-0.05,-0.08,2,0.26,0.06,-1.08,3,0.4,-0.01,1.48,4,0.66,-0.01,13.17,1,0.67,-0.55,0.4,2,0.21,0.86,0.27,3,0.45,0,0.4,4,0.67,0,13.08,-1.09,-470.540009,-20.780001,-475.26001,0,-540,30.440001,-538.640015
1,0.69,-0.1,-0.44,2,0.26,0.09,-0.22,3,0.4,0.04,1.46,4,0.66,-0.01,13.15,1,0.67,-0.55,0.4,2,0.23,1.14,0.24,3,0.45,0,0.4,4,0.67,0,13.08,-2.01,-476.869995,-19.719999,-476.140015,0,-540,30.440001,-538.640015
1,0.69,-0.3,-0.45,2,0.27,0.23,0.43,3,0.4,-0.01,1.49,4,0.66,-0.02,13.16,1,0.66,-0.68,0.4,2,0.27,1.41,0.19,3,0.45,0,0.4,4,0.67,0,13.08,6.69,-476.820007,-17.690001,-477.820007,0,-540,30.540001,-538.580017
1,0.67,-0.46,-0.37,2,0.29,0.43,0.87,3,0.4,-0.01,1.49,4,0.66,-0.01,13.16,1,0.64,-0.78,0.38,2,0.3,1.6,0.15,3,0.45,0,0.4,4,0.67,0,13.08,-1.59,-483.100006,-15.6,-480.779999,0,-540,30.639999,-538.630005
1,0.65,-0.61,-0.29,2,0.31,0.62,1.27,3,0.4,-0.04,1.53,4,0.66,0.02,13.11,1,0.62,-0.87,0.35,2,0.35,1.78,0.08,3,0.45,0,0.4,4,0.67,0,13.08,-2.71,-491.160004,-10,-485.140015,0,-540,31.059999,-538.609985
1,0.62,-0.73,-0.15,2,0.34,0.68,0.57,3,0.4,0.03,1.46,4,0.67,0.02,13.16,1,0.59,-0.93,0.31,2,0.39,1.88,0.03,3,0.45,0,0.4,4,0.67,0,13.08,-2.92,-498.859985,-2.9,-490.230011,0,-540,30.959999,-538.659973
1,0.58,-0.9,0.18,2,0.38,0.87,0.8,3,0.4,0.01,1.48,4,0.67,0.01,13.15,1,0.57,-0.96,0.2,2,0.44,1.93,-0.05,3,0.45,0,0.4,4,0.67,0,13.08,-3.15,-506.720001,5.77,-496.329987,0,-540,30.959999,-538.659973
1,0.55,-0.88,1.6,2,0.42,0.89,1.01,3,0.4,0.02,1.49,4,0.66,0.01,13.16,1,0.55,-0.96,0.24,2,0.49,1.9,0,3,0.45,0,0.4,4,0.67,0,13.08,-3,-514.159973,15.15,-502.540009,0,-540,30.85,-538.619995
1,0.51,-0.88,1.75,2,0.46,0.91,1.11,3,0.4,0.01,1.48,4,0.66,0.01,13.15,1,0.52,-0.91,0.08,2,0.49,1.9,0,3,0.45,0,0.4,4,0.67,0,13.08,-2.95,-521.130005,24.75,-508.619995,0,-540,30.85,-538.619995
1,0.47,-0.87,2.19,2,0.5,0.88,1.52,3,0.4,0.03,1.47,4,0.66,-0.02,13.16,1,0.5,-0.83,-0.52,2,0.53,1.79,-0.08,3,0.45,0,0.4,4,0.67,0,13.08,-2.67,-527.330017,34.669998,-514.130005,0,-540,30.639999,-538.630005
1,0.43,-0.83,2.33,2,0.53,0.86,1.69,3,0.4,0.03,1.47,4,0.66,0.02,13.17,1,0.5,-0.83,-0.52,2,0.58,1.6,-0.37,3,0.45,0,0.4,4,0.67,0,13.08,7.39,-527.280029,44.16,-519.080017,0,-540,30.639999,-538.630005
1,0.4,-0.72,2.07,2,0.57,0.77,1.44,3,0.4,0.01,1.47,4,0.66,0.02,13.13,1,0.48,-0.7,-0.74,2,0.61,1.33,-0.47,3,0.45,0,0.4,4,0.67,0,13.08,6.5,-532.429993,53.57,-523.140015,0,-540,30.639999,-538.630005
1,0.37,-0.66,2.36,2,0.6,0.62,1.36,3,0.4,-0.02,1.48,4,0.66,0.03,13.14,1,0.47,-0.52,-0.95,2,0.64,0.97,-0.55,3,0.45,0,0.4,4,0.67,0,13.08,-1.12,-536.369995,61.93,-526.429993,0,-540,30.639999,-538.630005
1,0.35,-0.47,2.33,2,0.62,0.45,0.89,3,0.4,0.02,1.46,4,0.66,0.02,13.14,1,0.46,-0.31,-1.15,2,0.66,0.52,-0.64,3,0.45,0,0.4,4,0.67,0,13.08,-0.96,-539.039978,68.75,-528.690002,0,-540,30.639999,-538.630005
1,0.33,-0.35,1.95,2,0.63,0.24,0.95,3,0.4,-0.02,1.5,4,0.66,0.02,13.16,1,0.45,-0.09,-1.34,2,0.67,0.06,-0.7,3,0.45,0,0.4,4,0.67,0,13.08,-0.2,-539.98999,73.470001,-530.159973,0,-540,30.639999,-538.630005
1,0.33,-0.05,2.33,2,0.64,0.01,0.87,3,0.4,0.01,1.53,4,0.66,0.03,13.15,1,0.45,0,0,2,0.67,0,0,3,0.45,0,0.4,4,0.67,0,13.08,0,-540,75.099998,-530.710022,0,-540,30.440001,-538.640015
1,0.33,0.05,2.17,2,0.64,-0.07,0.35,3,0.4,0.02,1.5,4,0.66,0.01,13.14,1,0.45,0,0,2,0.67,0,0,3,0.45,0,0.4,4,0.67,0,13.08,0,-540,74.769997,-530.599976,0,-540,30.440001,-538.640015
1,0.33,0.06,2.36,2,0.64,-0.11,0.81,3,0.4,-0.01,1.49,4,0.66,0.01,13.15,1,0.45,0,0,2,0.67,0,0,3,0.45,0,0.4,4,0.67,0,13.08,0,-540,73.82,-530.469971,0,-540,30.639999,-538.630005
1,0.33,0.01,2.39,2,0.63,-0.03,0.7,3,0.4,-0.03,1.5,4,0.66,-0.01,13.16,1,0.45,0,0,2,0.67,0,0,3,0.45,0,0.4,4,0.67,0,13.08,0,-540,73.300003,-530.390015,0,-540,30.639999,-538.630005
1,0.33,0.01,2.38,2,0.63,0.01,0.68,3,0.4,0.03,1.53,4,0.66,0.01,13.15,1,0.45,0,0,2,0.67,0,0,3,0.45,0,0.4,4,0.67,0,13.08,0,-540,73.300003,-530.390015,0,-540,30.85,-538.619995
1,0.33,-0.01,2.38,2,0.63,0.01,0.68,3,0.4,0.02,1.53,4,0.66,-0.01,13.15,1,0.45,0,0,2,0.67,0,0,3,0.45,0,0.4,4,0.67,0,13.08,0,-540,73.300003,-530.390015,0,-540,31.059999,-538.609985
1,0.33,-0.01,2.4,2,0.63,-0.01,0.7,3,0.4,0.01,1.52,4,0.67,0.03,13.16,1,0.45,0,0,2,0.67,0,0,3,0.45,0,0.4,4,0.67,0,13.08,0,-540,73.300003,-530.390015,0,-540,30.959999,-538.659973
1,0.33,-0.02,2.4,2,0.63,0.01,0.68,3,0.4,-0.01,1.49,4,0.67,0.03,13.14,1,0.45,0,0,2,0.67,0,0,3,0.45,0,0.4,4,0.67,0,13.08,0,-540,73.300003,-530.390015,0,-540,30.75,-538.669983
1,0.33,0.01,2.36,2,0.63,-0.01,0.69,3,0.4,-0.02,1.49,4,0.66,0.01,13.17,1,0.45,0,0,2,0.67,0,0,3,0.45,0,0.4,4,0.67,0,13.08,0,-540,73.089996,-530.419983,-0.03,-540,30.639999,-538.630005
1,0.33,-0.01,2.39,2,0.63,-0.02,0.68,3,0.4,0.01,1.49,4,0.66,0.04,13.13,1,0.45,0,0.97,2,0.67,0,13.77,3,0.45,0.03,-0.66,4,0.67,-0.14,-0.33,0,-540,73.089996,-530.419983,0.11,-539.929993,30.639999,-538.630005
1,0.33,-0.01,2.4,2,0.63,-0.01,0.68,3,0.4,-0.01,1.06,4,0.66,0.02,13.14,1,0.45,0,0.97,2,0.67,0,13.77,3,0.45,0.26,-0.66,4,0.66,-0.63,-0.32,0,-540,73.190002,-530.349976,0.99,-538.559998,30.85,-538.619995
1,0.32,-0.73,4.88,2,0.67,0.72,12.2,3,0.4,0.09,1.36,4,0.64,-0.22,0.5,1,0.45,0,0.97,2,0.67,0,13.77,3,0.46,0.47,-0.66,4,0.64,-1.04,-0.3,0,-540,70.980003,-535.469971,1.61,-535.799988,35.970001,-534.940002
1,0.31,0.12,3.37,2,0.68,0.04,13.54,3,0.4,0.1,1.16,4,0.63,-0.18,-0.28,1,0.45,0,0.97,2,0.67,0,13.78,3,0.48,0.65,-0.8,4,0.61,-1.38,-0.37,0,-540,72.830002,-536.070007,2.17,-531.710022,35.189999,-534.119995
1,0.31,-0.04,3.75,2,0.68,0.07,13.5,3,0.41,0.13,1.51,4,0.62,-0.31,-1.12,1,0.45,0,0.93,2,0.67,0,13.28,3,0.5,0.79,-0.79,4,0.57,-1.64,-0.34,0,-540,72.830002,-536.070007,2.58,-526.440002,36.48,-532.049988
1,0.31,0.03,3.62,2,0.68,-0.06,13.79,3,0.42,0.32,1.49,4,0.6,-0.52,-1.37,1,0.45,0,0.95,2,0.67,0,13.21,3,0.52,0.9,-0.76,4,0.52,-1.83,-0.3,0,-540,72.629997,-536.099976,2.86,-519.619995,34.990002,-529.549988
1,0.31,-0.03,3.72,2,0.67,0.03,13.06,3,0.44,0.39,1.6,4,0.57,-0.89,-1.42,1,0.45,0,0.95,2,0.67,0,13.21,3,0.54,0.95,-0.72,4,0.52,-1.83,-0.3,0,-540,72.379997,-535.830017,3.03,-512.549988,34.889999,-524.98999
1,0.31,-0.03,3.7,2,0.67,-0.02,13.12,3,0.46,0.63,1.39,4,0.52,-1.16,-1.43,1,0.45,0,0.96,2,0.67,0,13.24,3,0.56,0.96,-0.71,4,0.48,-1.91,-0.25,0,-540,72.489998,-535.859985,-9.24,-512.47998,34.259998,-518.51001
1,0.31,-0.06,3.72,2,0.67,0.01,13.04,3,0.48,0.58,1.73,4,0.47,-1.25,-1.21,1,0.45,0,0.94,2,0.67,0,13.23,3,0.56,0.96,-0.71,4,0.43,-1.92,-0.22,0,-540,72.489998,-535.859985,3.02,-504.920013,34.220001,-510.359985
1,0.31,-0.02,3.68,2,0.67,-0.02,13.13,3,0.51,0.7,1.5,4,0.42,-1.2,-1.31,1,0.45,0,0.95,2,0.67,0,13.23,3,0.59,0.94,-0.68,4,0.38,-1.86,-0.2,0,-540,72.489998,-535.859985,3,-497.049988,31.719999,-501.829987
1,0.31,-0.03,3.68,2,0.67,0.01,13.09,3,0.54,0.6,1.47,4,0.37,-0.89,-0.52,1,0.45,0,0.95,2,0.67,0,13.23,3,0.61,0.89,-0.67,4,0.34,-1.75,-0.19,0,-540,72.489998,-535.859985,2.65,-489.440002,28.33,-494.589996
1,0.31,-0.01,3.67,2,0.67,-0.02,13.09,3,0.57,0.62,1.16,4,0.34,-0.71,-0.79,1,0.45,0,0.95,2,0.67,0,13.23,3,0.63,0.81,-0.61,4,0.3,-1.57,-0.16,0,-540,72.400002,-535.929993,2.39,-482.109985,22.959999,-488.980011
1,0.31,-0.04,3.69,2,0.67,-0.03,13.11,3,0.59,0.52,0.56,4,0.31,-0.66,-1.11,1,0.45,0,0.95,2,0.67,0,13.23,3,0.65,0.71,-0.69,4,0.26,-1.36,-0.24,0,-540,72.599998,-535.900024,2.04,-475.559998,19.469999,-483.700012
1,0.31,-0.01,3.69,2,0.68,-0.02,13.09,3,0.61,0.47,0.73,4,0.28,-0.64,-1.29,1,0.45,0,0.95,2,0.67,0,13.22,3,0.67,0.59,-0.57,4,0.23,-1.11,-0.18,0,-540,72.5,-535.960022,1.66,-469.890015,15.8,-478.779999
1,0.31,-0.02,3.71,2,0.68,-0.01,13.11,3,0.63,0.45,0.38,4,0.25,-0.57,-1.45,1,0.45,0,0.95,2,0.67,0,13.23,3,0.68,0.44,-0.29,4,0.2,-0.81,-0.04,0,-540,72.709999,-535.940002,1.2,-465.109985,13.11,-474.140015
1,0.31,0.01,3.67,2,0.68,-0.04,13.09,3,0.65,0.31,0.63,4,0.23,-0.51,-1.21,1,0.45,0,0.95,2,0.67,0,13.22,3,0.69,0.3,-0.24,4,0.2,-0.81,-0.04,0,-540,72.709999,-535.940002,-2.99,-465.100006,10.93,-469.880005
1,0.31,-0.01,3.67,2,0.68,0.01,13.1,3,0.66,0.3,0.6,4,0.21,-0.31,-1.24,1,0.45,0,0.95,2,0.67,0,13.22,3,0.69,0.3,-0.24,4,0.19,-0.51,-0.03,0,-540,72.5,-535.960022,-1.7,-462,8.99,-466.559998
1,0.31,-0.02,3.69,2,0.68,-0.03,13.09,3,0.67,0.16,0.87,4,0.2,-0.13,-1.09,1,0.45,0,0.95,2,0.67,0,13.22,3,0.7,0.14,-0.2,4,0.18,-0.2,-0.03,0,-540,72.5,-535.960022,0.34,-460.309998,5.94,-465.019989
1,0.31,0.01,3.7,2,0.68,-0.04,13.08,3,0.67,0.01,0.74,4,0.2,-0.05,-1.15,1,0.45,0,0.95,2,0.67,0,13.22,3,0.7,-0.02,-0.17,4,0.18,0.11,-0.03,0,-540,72.5,-535.960022,-0.11,-460.100006,6.73,-464.220001
1,0.31,0.01,3.69,2,0.68,-0.02,13.09,3,0.67,-0.02,0.61,4,0.2,0.01,-0.95,1,0.45,0,0.95,2,0.67,0,13.22,3,0.69,-0.18,-0.11,4,0.18,0.43,-0.03,0,-540,72.5,-535.960022,-0.54,-461.380005,6.82,-464.290009
1,0.31,0.01,3.68,2,0.68,0.02,13.09,3,0.67,-0.05,0.77,4,0.2,0.03,-0.5,1,0.45,0,0.95,2,0.67,0,13.22,3,0.69,-0.34,-0.12,4,0.2,0.75,-0.06,0,-540,72.5,-535.960022,-1.04,-464.380005,7.26,-464.350006
1,0.31,-0.01,3.68,2,0.68,0.01,13.09,3,0.67,-0.05,0.5,4,0.2,-0.01,0.11,1,0.45,0,0.95,2,0.67,0,13.22,3,0.68,-0.48,-0.13,4,0.22,1.04,-0.09,0,-540,72.5,-535.960022,-1.45,-468.579987,8.06,-464.559998
1,0.31,-0.03,3.7,2,0.68,-0.03,13.11,3,0.66,-0.12,0.24,4,0.21,0.26,0.42,1,0.45,0,0.95,2,0.67,0,13.22,3,0.66,-0.62,-0.15,4,0.25,1.29,-0.15,0,-540,72.709999,-535.940002,-1.86,-473.920013,8.97,-465.700012
1,0.31,-0.01,3.7,2,0.68,-0.02,13.08,3,0.66,-0.22,0.24,4,0.22,0.43,1.04,1,0.45,0,0.95,2,0.67,0,13.22,3,0.65,-0.73,-0.17,4,0.25,1.29,-0.15,0,-540,72.5,-535.960022,6.06,-473.880005,8.75,-468.5
1,0.31,-0.01,3.67,2,0.68,0.02,13.08,3,0.64,-0.4,0.22,4,0.25,0.64,0.79,1,0.45,0,0.95,2,0.67,0,13.22,3,0.65,-0.73,-0.17,4,0.29,1.52,-0.19,0,-540,72.5,-535.960022,7.08,-480.200012,10.82,-472.859985
1,0.31,-0.03,3.72,2,0.68,-0.01,13.09,3,0.62,-0.4,0.19,4,0.28,0.94,0.73,1,0.45,0,0.95,2,0.67,0,13.22,3,0.63,-0.83,-0.17,4,0.33,1.7,-0.23,0,-540,72.709999,-535.940002,-2.54,-487.320007,11.9,-479.790009
1,0.31,-0.01,3.7,2,0.68,-0.01,13.07,3,0.6,-0.58,0.12,4,0.32,0.9,0.16,1,0.45,0,0.95,2,0.67,0,13.22,3,0.6,-0.91,-0.21,4,0.37,1.84,-0.27,0,-540,72.709999,-535.940002,-1.85,-494.869995,13.56,-487.059998
1,0.31,-0.02,3.71,2,0.68,-0.02,13.09,3,0.57,-0.66,0.2,4,0.36,0.89,0.37,1,0.45,0,0.95,2,0.67,0,13.22,3,0.58,-0.95,-0.24,4,0.42,1.92,-0.29,0,-540,72.709999,-535.940002,-2.96,-503.220001,16.76,-493.690002
1,0.31,-0.03,3.71,2,0.68,-0.03,13.1,3,0.55,-0.4,0.7,4,0.4,0.89,0.39,1,0.45,0,0.95,2,0.67,0,13.22,3,0.56,-0.96,-0.08,4,0.47,1.92,-0.16,0,-540,72.709999,-535.940002,-3,-510.799988,18.32,-500.170013
1,0.31,0.01,3.68,2,0.68,-0.01,13.09,3,0.52,-0.56,0.98,4,0.44,0.91,0.61,1,0.45,0,0.95,2,0.67,0,13.22,3,0.53,-0.94,-0.15,4,0.51,1.85,-0.19,0,-540,72.5,-535.960022,-2.94,-517.969971,21.950001,-506.679993
1,0.31,0.01,3.67,2,0.68,0.01,13.08,3,0.49,-0.6,1.25,4,0.49,1.05,0.8,1,0.45,0,0.95,2,0.67,0,13.22,3,0.51,-0.87,-0.46,4,0.56,1.7,-0.34,0,-540,72.5,-535.960022,-2.77,-524.52002,25,-513.630005
1,0.31,0.01,3.7,2,0.68,-0.01,13.09,3,0.46,-0.55,1.2,4,0.54,1.03,0.66,1,0.45,0,0.95,2,0.67,0,13.22,3,0.49,-0.76,-0.53,4,0.56,1.7,-0.34,0,-540,72.5,-535.960022,8.78,-524.450012,27.73,-520.669983
1,0.31,-0.01,3.7,2,0.67,-0.01,13.09,3,0.44,-0.62,1.29,4,0.58,0.99,0.19,1,0.45,0,0.95,2,0.67,0,13.22,3,0.49,-0.76,-0.53,4,0.6,1.47,-0.36,0,-540,72.599998,-535.900024,7.34,-530.150024,30.09,-527.099976
1,0.31,0.01,3.69,2,0.68,-0.01,13.1,3,0.42,-0.54,1.34,4,0.62,0.85,0.32,1,0.45,0,0.95,2,0.67,0,13.23,3,0.47,-0.6,-0.59,4,0.63,1.12,-0.37,0,-540,72.5,-535.960022,-1.9,-535,31.82,-532.450012
1,0.31,0.02,3.71,2,0.68,0.03,13.07,3,0.4,-0.15,0.78,4,0.64,0.09,0.95,1,0.45,0,0.95,2,0.67,0,13.23,3,0.46,-0.42,-0.65,4,0.65,0.73,-0.38,0,-540,72.410004,-536.030029,-1.27,-538.059998,35.23,-534.73999
1,0.31,0.01,3.69,2,0.68,0.01,13.09,3,0.4,0.02,0.54,4,0.64,0.01,1.19,1,0.45,0,0.95,2,0.67,0,13.22,3,0.45,-0.2,-0.69,4,0.67,0.28,-0.37,0,-540,72.720001,-536.030029,-0.57,-539.72998,35.849998,-534.690002
1,0.31,-0.02,3.71,2,0.68,-0.02,13.08,3,0.4,0.02,0.56,4,0.64,0.01,1.25,1,0.45,0,0.95,2,0.67,0,13.21,3,0.45,0,0.55,4,0.67,0,3.54,0,-540,72.82,-535.969971,0,-540,35.849998,-534.690002
1,0.31,-0.01,3.71,2,0.68,-0.01,13.09,3,0.4,0.04,0.61,4,0.64,-0.01,0.95,1,0.45,0,-1.58,2,0.67,0,5.63,3,0.45,0,3.43,4,0.67,0,10.33,0,-540,72.720001,-536.030029,0,-540,35.950001,-534.640015
1,0.31,0.01,1.19,2,0.68,0.06,12.95,3,0.4,0.06,1.45,4,0.64,0.05,4.06,1,0.45,0,-3.54,2,0.67,0,1.18,3,0.45,0,2.53,4,0.67,0,12.95,0,-540,73.57,-536.119995,0,-540,32.630001,-535.619995
1,0.31,0.02,-0.77,2,0.67,-0.04,5.67,3,0.41,-0.22,5.34,4,0.66,0.11,10.91,1,0.45,0,-0.08,2,0.67,0,0,3,0.45,0,0.43,4,0.67,0,12.95,0,-540,75.620003,-535.179993,0,-540,27.110001,-537.909973
1,0.31,0.07,-0.87,2,0.67,-0.09,1.38,3,0.4,-0.11,3.77,4,0.66,0.05,13.02,1,0.45,0,0,2,0.67,0,0,3,0.45,0,0.43,4,0.67,0,13.38,0,-540,75.919998,-534.330017,0,-540,28.889999,-538.580017
1,0.32,0.27,1.92,2,0.66,-0.33,0.69,3,0.4,0.05,1.44,4,0.67,0.04,13.49,1,0.45,0,0,2,0.67,0,0,3,0.45,0,0.35,4,0.67,0,13.15,0,-540,72.489998,-533.590027,0,-540,29.83,-538.780029
1,0.33,0.13,2.21,2,0.65,-0.1,0.54,3,0.4,0.05,1.42,4,0.67,-0.02,13.5,1,0.45,0,0,2,0.67,0,0,3,0.45,0,0.38,4,0.67,0,13.08,0,-540,70.160004,-532.419983,0,-540,29.83,-538.780029
1,0.34,0.13,2.11,2,0.64,-0.11,0.65,3,0.4,0.01,1.47,4,0.67,-0.02,13.23,1,0.45,0,0,2,0.67,0,0,3,0.45,0,0.39,4,0.67,0,13.06,0,-540,67.639999,-532.02002,0,-540,29.93,-538.719971
1,0.34,0.03,2.15,2,0.64,0.02,0.59,3,0.4,-0.01,1.42,4,0.67,0.04,13.15,1,0.45,0,0,2,0.67,0,0,3,0.45,0,0.39,4,0.67,0,13.07,0,-540,66.389999,-531.969971,0,-540,29.93,-538.719971
1,0.34,-0.02,2.18,2,0.64,-0.01,0.59,3,0.4,0.01,1.44,4,0.67,0.02,13.14,1,0.45,0,0,2,0.67,0,0,3,0.45,0,0.39,4,0.67,0,13.07,0,-540,66.290001,-531.940002,0,-540,29.93,-538.719971
1,0.34,-0.01,2.18,2,0.64,0.01,0.6,3,0.4,-0.01,1.45,4,0.67,-0.01,13.13,1,0.45,0.18,-1.43,2,0.66,-0.46,-0.71,3,0.45,0,0.39,4,0.67,0,13.07,0.68,-539.22998,66.290001,-531.940002,0,-540,29.93,-538.719971
1,0.34,-0.03,2.14,2,0.64,-0.01,0.59,3,0.4,0.02,1.45,4,0.67,-0.01,13.15,1,0.46,0.4,-1.43,2,0.65,-0.9,-0.69,3,0.45,0,0.39,4,0.67,0,13.07,1.42,-536.969971,66.290001,-531.940002,0,-540,29.93,-538.719971
1,0.34,0.03,2.04,2,0.64,-0.02,-0.63,3,0.4,0.01,1.46,4,0.66,-0.01,13.16,1,0.47,0.59,-1.42,2,0.62,-1.27,-0.67,3,0.45,0,0.39,4,0.67,0,13.07,2.02,-533.280029,66.150002,-531.690002,0,-540,30.030001,-538.659973
1,0.35,0.14,2.31,2,0.63,-0.19,-1.42,3,0.4,-0.01,1.45,4,0.66,0.02,13.15,1,0.49,0.75,-1.41,2,0.58,-1.56,-0.64,3,0.45,0,0.39,4,0.67,0,13.07,2.51,-528.330017,65.550003,-530.98999,0,-540,30.030001,-538.659973
1,0.36,0.33,2.18,2,0.62,-0.33,-2.17,3,0.4,0.01,1.46,4,0.66,-0.01,13.16,1,0.51,0.86,-1.42,2,0.58,-1.56,-0.64,3,0.45,0,0.39,4,0.67,0,13.07,2.87,-522.309998,62.52,-529.669983,0,-540,30.030001,-538.659973
1,0.38,0.63,1.96,2,0.6,-0.68,-2.39,3,0.4,0.03,1.46,4,0.66,-0.02,13.17,1,0.51,0.86,-1.42,2,0.54,-1.77,-0.61,3,0.45,0,0.39,4,0.67,0,13.07,-8.85,-522.25,56.400002,-527,0,-540,29.92,-538.619995
1,0.41,0.81,1.59,2,0.56,-0.93,-2.58,3,0.4,0.01,1.43,4,0.66,0.02,13.16,1,0.53,0.93,-1.29,2,0.5,-1.89,-0.53,3,0.45,0,0.39,4,0.67,0,13.07,-9.13,-515.390015,48.470001,-522.530029,0,-540,29.92,-538.619995
1,0.45,0.93,1.12,2,0.51,-1.12,-2.4,3,0.4,0.03,1.44,4,0.66,0.01,13.14,1,0.55,0.96,-1.15,2,0.45,-1.93,-0.43,3,0.45,0,0.39,4,0.67,0,13.08,3.06,-508.029999,39.279999,-516.539978,0,-540,29.92,-538.619995
1,0.49,0.91,0.87,2,0.47,-0.94,-1.42,3,0.4,-0.01,1.48,4,0.66,0.01,13.11,1,0.58,0.96,-0.97,2,0.4,-1.9,-0.33,3,0.45,0,0.39,4,0.67,0,13.08,2.96,-500.190002,28.27,-510.670013,0,-540,29.92,-538.619995
1,0.54,0.96,0.58,2,0.43,-0.93,-1.66,3,0.4,-0.02,1.46,4,0.66,0.01,13.14,1,0.6,0.91,-0.78,2,0.35,-1.8,-0.22,3,0.45,0,0.39,4,0.67,0,13.08,2.73,-492.5,17.709999,-504.440002,0,-540,30.030001,-538.659973
1,0.57,0.75,0.01,2,0.39,-0.83,-2.01,3,0.4,-0.01,1.47,4,0.66,-0.01,13.17,1,0.62,0.85,-0.75,2,0.31,-1.65,-0.24,3,0.45,0,0.39,4,0.67,0,13.08,2.51,-485.01001,9.12,-498.26001,0,-540,30.23,-538.650024
1,0.61,0.72,-0.17,2,0.36,-0.71,-2.16,3,0.4,-0.02,1.46,4,0.66,0.01,13.15,1,0.64,0.75,-0.52,2,0.27,-1.45,-0.12,3,0.45,0,0.39,4,0.67,0,13.07,2.21,-478.029999,0.94,-492.670013,0,-540,30.23,-538.650024
1,0.63,0.64,-0.56,2,0.33,-0.6,-2.5,3,0.4,0.01,1.49,4,0.67,0.04,13.14,1,0.66,0.63,-0.33,2,0.27,-1.45,-0.12,3,0.45,0,0.39,4,0.67,0,13.08,1.2,-472.01001,-5.77,-487.619995,0,-540,30.129999,-538.710022
1,0.66,0.46,-0.41,2,0.3,-0.53,-2.66,3,0.4,0.02,1.46,4,0.67,0.01,13.16,1,0.66,0.63,-0.33,2,0.24,-1.21,-0.02,3,0.45,0,0.39,4,0.67,0,13.08,-5.37,-471.980011,-10.98,-483.290009,0,-540,30.129999,-538.710022
1,0.67,0.35,-0.18,2,0.28,-0.45,-2.65,3,0.4,-0.01,1.48,4,0.66,-0.01,13.15,1,0.68,0.49,0.11,2,0.21,-0.92,0.2,3,0.45,0,0.39,4,0.67,0,13.07,-3.5,-466.640015,-14.92,-479.640015,0,-540,30.23,-538.650024
1,0.69,0.24,0.13,2,0.27,-0.31,-2.56,3,0.4,0.01,1.47,4,0.66,0.02,13.13,1,0.69,0.35,0.2,2,0.19,-0.63,0.25,3,0.45,0,0.39,4,0.67,0,13.08,0.95,-463.019989,-17.65,-476.709991,0,-540,30.23,-538.650024
1,0.7,0.2,0.15,2,0.26,-0.13,-2.65,3,0.4,0.02,1.47,4,0.66,-0.01,13.13,1,0.69,0.2,0.28,2,0.18,-0.32,0.28,3,0.45,0,0.39,4,0.67,0,13.08,0.51,-460.769989,-20.120001,-474.799988,0,-540,30.23,-538.650024
1,0.7,0.04,0.28,2,0.25,-0.03,-2.65,3,0.4,0.01,1.46,4,0.67,0.02,13.13,1,0.7,0.04,0.32,2,0.18,0,0.29,3,0.45,0,0.39,4,0.67,0,13.08,0.06,-460,-21,-474.200012,0,-540,30.129999,-538.710022
1,0.7,-0.02,0.23,2,0.25,-0.01,-2.42,3,0.4,0.02,1.48,4,0.67,0.03,13.14,1,0.7,-0.12,0.37,2,0.18,0.31,0.29,3,0.45,0,0.39,4,0.67,0,13.08,-0.39,-460.730011,-21,-474.200012,0,-540,30.129999,-538.710022
1,0.7,-0.02,0.22,2,0.25,0.01,-2.04,3,0.4,0.01,1.45,4,0.66,0.01,13.14,1,0.69,-0.28,0.39,2,0.19,0.62,0.28,3,0.45,0,0.39,4,0.67,0,13.07,-0.55,-462.920013,-20.91,-474.279999,0,-540,30.23,-538.650024
1,0.7,-0.01,0.03,2,0.26,-0.01,-1.45,3,0.4,0.01,1.46,4,0.67,-0.01,13.16,1,0.68,-0.43,0.39,2,0.19,0.62,0.28,3,0.45,0,0.39,4,0.67,0,13.07,-1.29,-466.869995,-20.92,-474.420013,0,-540,30.129999,-538.710022
1,0.7,-0.1,-0.23,2,0.26,0.1,-0.91,3,0.4,0.01,1.45,4,0.67,0.04,13.13,1,0.67,-0.57,0.39,2,0.21,0.93,0.26,3,0.45,0,0.39,4,0.67,0,13.08,-1.68,-471.75,-20.58,-474.850006,0,-540,30.129999,-538.710022
1,0.69,-0.14,-0.47,2,0.26,0.12,0.02,3,0.4,0.01,1.49,4,0.66,0.01,13.16,1,0.67,-0.57,0.39,2,0.24,1.2,0.22,3,0.45,0,0.39,4,0.67,0,13.07,5.67,-471.720001,-18.799999,-475.899994,0,-540,30.23,-538.650024
1,0.68,-0.32,-0.46,2,0.28,0.28,0.58,3,0.4,0.01,1.44,4,0.66,-0.02,13.16,1,0.65,-0.69,0.39,2,0.27,1.44,0.18,3,0.45,0,0.39,4,0.67,0,13.08,6.78,-477.730011,-17.16,-478.119995,0,-540,30.23,-538.650024
1,0.67,-0.48,-0.42,2,0.29,0.51,0.94,3,0.4,-0.01,1.5,4,0.67,0.02,13.13,1,0.64,-0.8,0.36,2,0.31,1.64,0.12,3,0.45,0,0.39,4,0.67,0,13.08,-2.37,-484.609985,-13.78,-481.380005,0,-540,30.129999,-538.710022
1,0.64,-0.63,-0.28,2,0.31,0.54,0.42,3,0.4,0.01,1.49,4,0.67,0.02,13.13,1,0.61,-0.89,0.34,2,0.35,1.79,0.07,3,0.45,0,0.39,4,0.67,0,13.07,-1.76,-491.950012,-7.59,-485.320007,0,-540,30.34,-538.700012
1,0.62,-0.65,-0.18,2,0.34,0.69,0.75,3,0.4,0.02,1.46,4,0.67,0.02,13.13,1,0.59,-0.94,0.27,2,0.4,1.89,0.01,3,0.45,0,0.39,4,0.67,0,13.07,-1.96,-499.76001,-0.66,-490.5,0,-540,30.34,-538.700012
1,0.58,-0.8,0.96,2,0.38,0.81,0.95,3,0.4,0.01,1.53,4,0.67,-0.03,13.13,1,0.57,-0.96,0.3,2,0.45,1.93,0.03,3,0.45,0,0.39,4,0.67,0,13.07,-3.09,-508.089996,6.81,-496.25,0,-540,30.129999,-538.710022
1,0.55,-0.87,1.4,2,0.41,0.88,1.2,3,0.4,0.02,1.48,4,0.67,0.03,13.12,1,0.54,-0.95,0.19,2,0.45,1.93,0.03,3,0.45,0,0.39,4,0.67,0,13.07,-3.01,-515.52002,15.81,-502.200012,0,-540,30.129999,-538.710022
1,0.51,-0.89,1.75,2,0.45,0.95,1.49,3,0.4,0.01,1.45,4,0.67,0.04,13.14,1,0.52,-0.9,-0.33,2,0.5,1.89,-0.04,3,0.45,0,0.39,4,0.67,0,13.07,-2.87,-522.26001,25.32,-508.350006,0,-540,30.129999,-538.710022
1,0.47,-0.91,2.1,2,0.5,0.9,1.67,3,0.4,0.02,1.47,4,0.67,0.03,13.14,1,0.52,-0.9,-0.33,2,0.54,1.77,-0.29,3,0.45,0,0.39,4,0.67,0,13.07,8.22,-522.210022,35.07,-514.219971,0,-540,30.129999,-538.710022
1,0.43,-0.85,1.99,2,0.53,0.9,1.44,3,0.4,0.01,1.46,4,0.66,-0.02,13.16,1,0.5,-0.81,-0.53,2,0.58,1.56,-0.39,3,0.45,0,0.39,4,0.67,0,13.07,7.98,-528.190002,45.470001,-519.25,0,-540,30.23,-538.650024
1,0.4,-0.75,2.11,2,0.57,0.78,1.38,3,0.4,-0.02,1.48,4,0.67,0.01,13.14,1,0.48,-0.66,-0.75,2,0.62,1.27,-0.48,3,0.45,0,0.39,4,0.67,0,13.08,-1.44,-533.22998,55.130001,-523.590027,0,-540,30.129999,-538.710022
1,0.37,-0.62,2.28,2,0.6,0.6,0.91,3,0.4,-0.04,1.46,4,0.67,0.01,13.16,1,0.46,-0.48,-0.98,2,0.65,0.9,-0.57,3,0.45,0,0.39,4,0.67,0,13.07,-1.03,-536.909973,63.900002,-526.679993,0,-540,30.129999,-538.710022
1,0.34,-0.41,2.33,2,0.62,0.4,0.85,3,0.4,-0.01,1.47,4,0.66,0.01,13.16,1,0.46,-0.28,-1.19,2,0.66,0.44,-0.65,3,0.45,0,0.39,4,0.67,0,13.07,-0.83,-539.309998,70.220001,-528.919983,0,-540,30.23,-538.650024
1,0.33,-0.23,2.57,2,0.63,0.22,0.85,3,0.4,0.02,1.46,4,0.66,-0.01,13.16,1,0.45,-0.05,-1.26,2,0.67,0,0,3,0.45,0,0.39,4,0.67,0,13.07,-0.07,-540,74.510002,-530.219971,0,-540,30.23,-538.650024
1,0.32,-0.04,2.25,2,0.64,0.01,0.74,3,0.4,0.01,1.49,4,0.66,0.03,13.16,1,0.45,0,0,2,0.67,0,0,3,0.45,0,0.39,4,0.67,0,13.08,0,-540,75.809998,-530.659973,0,-540,30.030001,-538.659973
1,0.33,0.03,2.35,2,0.64,-0.03,0.64,3,0.4,-0.01,1.47,4,0.66,0.03,13.14,1,0.45,0,0,2,0.67,0,0,3,0.45,0,0.39,4,0.67,0,13.08,0,-540,75.389999,-530.619995,0,-540,30.030001,-538.659973
1,0.33,0.06,2.38,2,0.64,-0.06,0.7,3,0.4,-0.01,1.49,4,0.66,-0.02,13.15,1,0.45,0,0,2,0.67,0,0,3,0.45,0,0.39,4,0.67,0,13.07,0,-540,74.440002,-530.48999,0,-540,30.23,-538.650024
1,0.33,0.02,2.39,2,0.63,-0.02,0.67,3,0.4,-0.01,1.48,4,0.66,-0.01,13.15,1,0.45,0,0,2,0.67,0,0,3,0.45,0,0.39,4,0.67,0,13.07,0,-540,73.699997,-530.330017,0,-540,30.23,-538.650024
1,0.33,0.01,2.41,2,0.63,0.01,0.68,3,0.4,-0.01,1.45,4,0.67,-0.01,13.15,1,0.45,0,0,2,0.67,0,0,3,0.45,0,0.39,4,0.67,0,13.08,0,-540,73.5,-530.359985,0,-540,30.34,-538.700012
1,0.33,0.01,2.4,2,0.63,-0.01,0.69,3,0.4,0.03,1.45,4,0.67,-0.01,13.15,1,0.45,0,0,2,0.67,0,0,3,0.45,0,0.39,4,0.67,0,13.07,0,-540,73.5,-530.359985,0,-540,30.34,-538.700012
1,0.33,-0.03,2.4,2,0.63,-0.01,0.69,3,0.4,0.04,1.45,4,0.67,0.02,13.16,1,0.45,0,0,2,0.67,0,0,3,0.45,0,0.39,4,0.67,0,13.07,0,-540,73.5,-530.359985,0,-540,30.129999,-538.710022
1,0.33,-0.01,2.4,2,0.63,-0.01,0.67,3,0.4,0.02,1.45,4,0.67,0.04,13.15,1,0.45,0,0,2,0.67,0,0,3,0.45,0,0.39,4,0.67,0,13.07,0,-540,73.5,-530.359985,0,-540,30.129999,-538.710022
1,0.33,0.02,2.38,2,0.63,0.02,0.68,3,0.4,-0.01,1.47,4,0.66,0.02,13.15,1,0.45,0,0,2,0.67,0,13.32,3,0.45,0,0.39,4,0.67,0,13.07,0,-540,73.5,-530.359985,0,-540,30.23,-538.650024
1,0.33,-0.05,2.4,2,0.63,0.01,0.68,3,0.4,-0.04,1.46,4,0.66,0.02,13.14,1,0.45,0,0.98,2,0.67,0,13.32,3,0.45,0.07,-0.65,4,0.67,-0.25,-0.32,0,-540,73.5,-530.359985,0.32,-539.780029,30.23,-538.650024
1,0.32,-0.8,4.12,2,0.67,0.75,11.59,3,0.4,0.02,1.12,4,0.67,0.07,12.87,1,0.45,0,0.98,2,0.67,0,13.77,3,0.46,0.29,-0.65,4,0.66,-0.7,-0.31,0,-540,71.739998,-535.719971,1.08,-538.23999,30.030001,-538.76001
1,0.3,-0.02,3.8,2,0.69,0.16,12.98,3,0.4,0.05,1.37,4,0.65,-0.2,0.13,1,0.45,0,0.98,2,0.67,0,13.77,3,0.47,0.5,-0.65,4,0.63,-1.1,-0.3,0,-540,74.059998,-537.390015,1.77,-535.210022,34.700001,-535.900024
1,0.3,0.07,3.79,2,0.69,-0.18,13.89,3,0.4,0.04,1.55,4,0.64,-0.15,-0.61,1,0.45,0,0.94,2,0.67,0,13.25,3,0.48,0.68,-0.75,4,0.6,-1.43,-0.33,0,-540,74.440002,-537.140015,2.3,-530.840027,34.93,-534.809998
1,0.31,-0.01,3.8,2,0.68,-0.03,13.47,3,0.41,0.23,1.55,4,0.62,-0.45,-1.04,1,0.45,0,0.96,2,0.67,0,13.06,3,0.5,0.81,-0.74,4,0.56,-1.68,-0.3,0,-540,74.040001,-536.549988,2.71,-525.280029,35.91,-532.609985
1,0.31,-0.03,3.82,2,0.68,-0.01,12.96,3,0.42,0.35,1.62,4,0.6,-0.62,-1.38,1,0.45,0,0.97,2,0.67,0,13.08,3,0.52,0.9,-0.75,4,0.52,-1.84,-0.28,0,-540,74.230003,-536.419983,2.96,-518.77002,34.880001,-529.400024
1,0.31,-0.03,3.83,2,0.68,0.03,12.8,3,0.44,0.46,1.83,4,0.56,-1,-1.28,1,0.45,0,0.97,2,0.67,0,13.16,3,0.55,0.96,-0.72,4,0.52,-1.84,-0.28,0,-540,74.040001,-536.549988,-10.09,-518.679993,35.040001,-524.099976
1,0.31,0.01,3.75,2,0.68,-0.02,12.9,3,0.46,0.69,1.39,4,0.51,-1.16,-1.37,1,0.45,0,0.97,2,0.67,0,13.15,3,0.55,0.96,-0.72,4,0.47,-1.92,-0.24,0,-540,73.93,-536.52002,-10.17,-511.459991,34.470001,-517.059998
1,0.31,-0.01,3.8,2,0.68,-0.04,12.93,3,0.49,0.69,1.4,4,0.46,-1.25,-1.05,1,0.45,0,0.97,2,0.67,0,13.15,3,0.57,0.96,-0.71,4,0.42,-1.92,-0.22,0,-540,73.610001,-536.409973,2.02,-503.920013,32.950001,-508.880005
1,0.31,-0.02,3.81,2,0.68,0.01,12.9,3,0.52,0.62,1.57,4,0.41,-0.89,-0.62,1,0.45,0,0.97,2,0.67,0,13.15,3,0.59,0.93,-0.69,4,0.38,-1.85,-0.2,0,-540,73.610001,-536.409973,1.93,-496.089996,29.120001,-501.670013
1,0.31,-0.02,3.83,2,0.68,-0.01,12.92,3,0.55,0.56,1.46,4,0.38,-0.72,-1.05,1,0.45,0,0.96,2,0.67,0,13.17,3,0.62,0.88,-0.65,4,0.33,-1.71,-0.18,0,-540,73.809998,-536.380005,2.57,-487.859985,24.799999,-495.940002
1,0.31,-0.03,3.83,2,0.68,0.01,12.93,3,0.57,0.56,0.77,4,0.35,-0.71,-1.24,1,0.45,0,0.96,2,0.67,0,13.17,3,0.64,0.79,-0.73,4,0.29,-1.53,-0.25,0,-540,74.019997,-536.359985,2.34,-480.660004,20.68,-490.459991
1,0.31,-0.03,3.81,2,0.68,-0.02,12.94,3,0.59,0.56,0.59,4,0.31,-0.78,-1.33,1,0.45,0,0.96,2,0.67,0,13.17,3,0.55,0,0,4,0.35,0,0,0,-540,74.129997,-536.390015,32.389999,-490.049988,17.389999,-484.799988
1,0.31,-0.05,3.82,2,0.68,-0.01,12.93,3,0.62,0.43,0.73,4,0.28,-0.74,-1.39,1,0.31,0,0,2,0.68,0,0,3,0.54,0,0,4,0.35,0,0,73.510002,-536.409973,74.029999,-536.450012,32.049999,-490.73999,14.53,-478.959991
1,0.31,0.01,3.81,2,0.68,-0.01,12.91,3,0.61,-0.37,-0.51,4,0.28,0.2,1.15,1,0.31,0,0,2,0.68,0,0,3,0.54,0,0,4,0.35,0,0,72.620003,-536.51001,74.029999,-536.450012,32.610001,-490.709991,17.450001,-478.859985
1,0.31,0.24,-0.94,2,0.66,-0.35,1.72,3,0.6,-0.24,-0.68,4,0.29,0.52,0.11,1,0.31,0,0,2,0.68,0,0,3,0.54,0,0,4,0.35,0,0,71.739998,-536.619995,76.879997,-533.789978,32.259998,-491.399994,20.74,-480.859985
1,0.32,0.03,-0.31,2,0.65,-0.13,1.01,3,0.59,-0.1,-1.04,4,0.31,0.43,-0.35,1,0.31,0,0,2,0.68,0,0,3,0.54,0,0,4,0.36,0,0,70.849998,-536.719971,75.800003,-532.780029,31.35,-492.119995,19.59,-484.309998
1,0.32,0.04,-0.29,2,0.65,-0.06,0.77,3,0.59,-0.12,-0.95,4,0.33,0.36,-0.38,1,0.31,0,0,2,0.68,0,0,3,0.54,0,0,4,0.36,0,0,70.160004,-536.809998,75.449997,-532.469971,31.1,-492.690002,17.200001,-487.420013
1,0.32,0.04,-0.3,2,0.65,-0.13,0.99,3,0.58,-0.23,-0.32,4,0.34,0.19,-0.19,1,0.32,0,0,2,0.68,0,0,3,0.54,0,0,4,0.37,0,0,70.190002,-536.789978,74.480003,-532.23999,30.73,-493.320007,17.65,-489.390015
1,0.32,0.04,-0.38,2,0.65,-0.02,0.84,3,0.57,-0.22,0.11,4,0.35,0.2,-0.24,1,0.32,0,0,2,0.68,0,0,3,0.54,0,0,4,0.37,0,0,69.230003,-536.900024,73.739998,-532.090027,30.379999,-494,22.09,-490.470001
1,0.32,-0.01,-0.17,2,0.65,-0.02,0.71,3,0.56,-0.23,0.39,4,0.35,0.18,-0.28,1,0.32,0,0,2,0.68,0,0,3,0.54,0,0,4,0.37,0,0,68.339996,-536.98999,73.720001,-531.98999,30.940001,-493.970001,24.5,-491.859985
1,0.33,0.06,-0.38,2,0.65,-0.05,0.84,3,0.54,-0.38,1.33,4,0.36,-0.01,0.34,1,0.32,0,0,2,0.68,0,0,3,0.54,0,0,4,0.37,0,0,67.459999,-537.090027,72.900002,-532,30.59,-494.649994,31.190001,-491.940002
1,0.33,0.04,-0.29,2,0.64,-0.02,0.87,3,0.53,-0.24,1.17,4,0.36,0.01,0.46,1,0.32,0,0,2,0.68,0,0,3,0.54,0,0,4,0.38,0,0,66.57,-537.179993,72.470001,-531.849976,29.67,-495.359985,38.040001,-491.529999
1,0.33,0.04,-0.32,2,0.64,-0.05,0.87,3,0.52,-0.22,1.43,4,0.36,0.03,0.51,1,0.32,0,0,2,0.68,0,0,3,0.54,0,0,4,0.38,0,0,65.68,-537.27002,71.720001,-531.700012,29.309999,-496.029999,42.73,-491.140015
1,0.33,0.05,-0.2,2,0.64,0.03,0.77,3,0.51,-0.07,1.04,4,0.36,0.02,0.54,1,0.32,0,0,2,0.68,0,0,3,0.53,0,0,4,0.38,0,0,64.760002,-537.390015,71.610001,-531.659973,28.950001,-496.709991,46.200001,-490.890015
1,0.33,0.04,-0.24,2,0.64,-0.03,0.92,3,0.51,-0.12,1.27,4,0.36,0.04,0.62,1,0.33,0,0,2,0.68,0,0,3,0.53,0,0,4,0.39,0,0,63.880001,-537.469971,71.190002,-531.609985,28.59,-497.380005,48.450001,-490.679993
1,0.33,0.03,-0.22,2,0.64,-0.04,0.95,3,0.51,-0.06,1.1,4,0.36,0.1,0.45,1,0.33,0,0,2,0.68,0,0,3,0.53,0,0,4,0.39,0,0,63.91,-537.450012,70.760002,-531.460022,28.23,-498.049988,49.130001,-490.929993
1,0.33,-0.01,-0.11,2,0.64,0.01,0.83,3,0.5,-0.01,0.94,4,0.36,0.05,0.48,1,0.33,0,0,2,0.68,0,0,3,0.53,0,0,4,0.4,0,0,63.02,-537.539978,70.559998,-531.48999,27.870001,-498.709991,48.740002,-491.690002
1,0.33,0.01,-0.1,2,0.64,-0.01,0.86,3,0.5,-0.02,0.88,4,0.37,0.16,0.19,1,0.33,0,0,2,0.68,0,0,3,0.53,0,0,4,0.4,0,0,62.139999,-537.630005,70.559998,-531.48999,27.51,-499.380005,47.970001,-492.609985
1,0.33,0.01,-0.07,2,0.64,-0.01,0.82,3,0.5,0.01,0.8,4,0.37,0.16,0.12,1,0.33,0,0,2,0.68,0,0,3,0.53,0,0,4,0.4,0,0,61.25,-537.710022,70.559998,-531.48999,28.08,-499.350006,46.919998,-493.48999
1,0.33,-0.01,-0.04,2,0.64,-0.03,0.86,3,0.5,0.01,0.82,4,0.38,0.12,0.22,1,0.33,0,0,2,0.68,0,0,3,0.53,0,0,4,0.4,0,0,60.360001,-537.789978,70.650002,-531.419983,27.139999,-500.040009,46.049999,-494.350006
1,0.33,-0.02,0,2,0.64,0.02,0.83,3,0.5,0.01,0.84,4,0.38,0.13,0.17,1,0,0,0,2,0.68,0,0,3,0.53,0,0,4,0.41,0,0,300,-300,70.650002,-531.419983,26.780001,-500.700012,44.91,-495.420013
